Workbook

Sheet Voorblad
B5: LIFE CYCLE COSTS; Korte Termijn (MJOP) en Lange Termijn (TLP)
B7: In de onderstaande rubrieken 'Algemene gegevens' en 'Beheergegevens' ALLEEN de blauwe teksten invullen/aanpassen
B8: Algemene gegevens
B9: Project | F9: ProRail, Grip op inspecties / Analyse kunstwerken; Opstellen PVE’s
B10: Projectnummer ProRail | F10: Nader in te vullen door ProRail
B11: Naam opsteller - functie | F11: R.H. Alberti - Adviseur civiele constructies & assetmanagement
B12: Vakdiscipline | F12: Civiele techniek, Assetmanagement / instandhouding
B13: Datum MJOP / LT | F13: 43798
B14: Versie - Status | F14: 0.1 - CONCEPT
B16: Beheergegevens kunstwerk (input)
B17: SAP Equipmentnummer | F17: 10592569
B18: PGO-contractgebied | F18: 20
B19: Kunstwerknummer | F19: KW20-123-0050
B20: Kunstwerknaam | F20: Duiker (spoorviaduct) o/d Donge
B21: Geocode | F21: 123
B22: Kilometrering (km) | F22: 15.26
B23: Plaats | F23: Tilburg
B24: Bouwjaar bovenbouw | F24: 1953
B25: Bouwjaar onderbouw | F25: 1862
B26: Bouwjaar constructieve uitbreiding | F26: 1994
B27: Hoofddraagconstructie | F27: Gewapend betonnen plaat
B28: Funderingsconstructie | F28: Metselwerk
B29: Laatste inspectie/opname | F29: 42644
B30: Kunstwerkpaspoort | F30: 43031
B31: Programma van Eisen | F31: 43013
B32: SSK-kostenraming (obv PVE) | F32: 43013 | J32: Prijspijl SSK: | K32: 2017
B33: Bijzonderheden t.a.v. de LCC analyse | F33: Betonnen spoordek (1953) lang 8 m1 + prefab betonnen PV-pad (1994) lang 11 m1 aan zuidzijde
B35: In de onderstaande rubrieken t.b.v. 'invoer' en 'uitkomsten' ALLEEN de Excel-cellen met licht blauwe arcering invullen/aanpassen
B36: Start- en looptijden MJOP / LTP (invoer)
B37: Start looptijd PGO-contract | F37: 2018 | H37: Looptijd MJOP | K37: 10
B38: Einde PGO-contract | F38: =F37+5 -> 2023 | H38: Einde looptijd MJOP | K38: =F37+K37 -> 2028
B39: Voorbereiding nieuw PGO-contract | F39: =F38-2 -> 2021
B41: Start looptijd LTP | F41: 2028 | H41: Looptijd LTP | K41: =F24+100-F41 -> 25
H42: Einde looptijd LTP | K42: =F41+K41 -> 2053
H44: Discontorente | K44: 0.025
B47: Uitkomsten MJOP
B48: Kosten cat. | C48: BHM nr. | D48: ='Berekening MJOP+LTP'!K28 -> Omschrijving | H48: prijspeil SSK als onderdeel van PVE: | J48: 2017 | K48: ='Berekening MJOP+LTP'!W28 -> uitvoering | L48: ='Berekening MJOP+LTP'!T28 -> kosten | M48: ='Berekening MJOP+LTP'!Y28 -> Σ NCW | N48: ='Berekening MJOP+LTP'!AA28 -> TVP duur | O48: Equiv. Jaarlast
B49: ='Berekening MJOP+LTP'!B31 -> 3 | C49: ='Berekening MJOP+LTP'!D31 -> nvt | D49: ='Berekening MJOP+LTP'!O31 -> PGO-contract (service provider) | L49: ='Berekening MJOP+LTP'!T33 -> 6500 | M49: ='Berekening MJOP+LTP'!Y33 -> 6403.571 | O49: ='Berekening MJOP+LTP'!AC33 -> 731.66411
B50: ='Berekening MJOP+LTP'!B35 -> 2 | C50: ='Berekening MJOP+LTP'!D35 -> nvt | D50: ='Berekening MJOP+LTP'!O35 -> advieswerk IB tbv productie plan | L50: ='Berekening MJOP+LTP'!T36 -> 5000 | M50: ='Berekening MJOP+LTP'!Y36 -> 3905.992 | O50: ='Berekening MJOP+LTP'!AC36 -> 446.29382
B51: ='Berekening MJOP+LTP'!B38 -> 2 | C51: ='Berekening MJOP+LTP'!D38 -> 1 | D51: ='Berekening MJOP+LTP'!K38 -> globale beschouwing constructieve veiligheid | K51: 2021 | L51: ='Berekening MJOP+LTP'!T38 -> 5000 | M51: ='Berekening MJOP+LTP'!Y38 -> 4642.9971 | N51: ='Berekening MJOP+LTP'!AA38 -> 0 | O51: ='Berekening MJOP+LTP'!AC38 -> 530.5031
B52: ='Berekening MJOP+LTP'!B39 -> 2 | C52: ='Berekening MJOP+LTP'!D39 -> 2 | D52: ='Berekening MJOP+LTP'!K39 -> uitvoeren nader archiefonderzoek kunstwerk | K52: 2020 | L52: ='Berekening MJOP+LTP'!T39 -> 500 | M52: ='Berekening MJOP+LTP'!Y39 -> 475.9072 | N52: ='Berekening MJOP+LTP'!AA39 -> 0 | O52: ='Berekening MJOP+LTP'!AC39 -> 54.376568
B53: ='Berekening MJOP+LTP'!B40 -> 2 | C53: ='Berekening MJOP+LTP'!D40 -> 3 | D53: ='Berekening MJOP+LTP'!K40 -> uitvoeren nadere inspectie gehele constructie conform B2 CUR 117 | K53: 2020 | L53: ='Berekening MJOP+LTP'!T40 -> 5000 | M53: ='Berekening MJOP+LTP'!Y40 -> 4759.072 | N53: ='Berekening MJOP+LTP'!AA40 -> 0 | O53: ='Berekening MJOP+LTP'!AC40 -> 543.76568
B54: ='Berekening MJOP+LTP'!B41 -> 0 | C54: ='Berekening MJOP+LTP'!D41 -> 4 | D54: ='Berekening MJOP+LTP'!K41 -> 0 | L54: ='Berekening MJOP+LTP'!T41 -> 0 | M54: ='Berekening MJOP+LTP'!Y41 -> 0 | N54: ='Berekening MJOP+LTP'!AA41 -> 0 | O54: ='Berekening MJOP+LTP'!AC41 -> 0
B55: ='Berekening MJOP+LTP'!B42 -> 0 | C55: ='Berekening MJOP+LTP'!D42 -> 5 | D55: ='Berekening MJOP+LTP'!K42 -> 0 | L55: ='Berekening MJOP+LTP'!T42 -> 0 | M55: ='Berekening MJOP+LTP'!Y42 -> 0 | N55: ='Berekening MJOP+LTP'!AA42 -> 0 | O55: ='Berekening MJOP+LTP'!AC42 -> 0
B56: ='Berekening MJOP+LTP'!B43 -> 0 | C56: ='Berekening MJOP+LTP'!D43 -> 6 | D56: ='Berekening MJOP+LTP'!K43 -> 0 | L56: ='Berekening MJOP+LTP'!T43 -> 0 | M56: ='Berekening MJOP+LTP'!Y43 -> 0 | N56: ='Berekening MJOP+LTP'!AA43 -> 0 | O56: ='Berekening MJOP+LTP'!AC43 -> 0
B57: ='Berekening MJOP+LTP'!B44 -> 0 | C57: ='Berekening MJOP+LTP'!D44 -> 7 | D57: ='Berekening MJOP+LTP'!K44 -> 0 | L57: ='Berekening MJOP+LTP'!T44 -> 0 | M57: ='Berekening MJOP+LTP'!Y44 -> 0 | N57: ='Berekening MJOP+LTP'!AA44 -> 0 | O57: ='Berekening MJOP+LTP'!AC44 -> 0
B58: ='Berekening MJOP+LTP'!B45 -> 0 | C58: ='Berekening MJOP+LTP'!D45 -> 8 | D58: ='Berekening MJOP+LTP'!K45 -> 0 | L58: ='Berekening MJOP+LTP'!T45 -> 0 | M58: ='Berekening MJOP+LTP'!Y45 -> 0 | N58: ='Berekening MJOP+LTP'!AA45 -> 0 | O58: ='Berekening MJOP+LTP'!AC45 -> 0
B59: ='Berekening MJOP+LTP'!B46 -> 1 | C59: ='Berekening MJOP+LTP'!D46 -> nvt | D59: ='Berekening MJOP+LTP'!K46 -> vervangingskosten (incl. sloop bestaand) | H59: theor.einde.levensduur: | J59: =F24+100 -> 2053 | K59: 2053 | L59: ='Berekening MJOP+LTP'!T46 -> 1065900 | M59: ='Berekening MJOP+LTP'!Y46 -> 0 | N59: ='Berekening MJOP+LTP'!AA46 -> 104 | O59: ='Berekening MJOP+LTP'!AC46 -> 0
B60: Totaal kosten cat. 3 (tlv PGO-contract) | G60: periode beheer van - tot: | H60: =F37 -> 2018 | I60: - | J60: =K38 -> 2028 | L60: =L49 -> 6500 | M60: =M49 -> 6403.571 | N60: =N49 -> 0 | O60: =O49 -> 731.66411
B61: Totaal kosten cat. 2 (advies IB tlv ProRail AM) | G61: periode beheer van - tot: | H61: =F37 -> 2018 | I61: - | J61: =K38 -> 2028 | L61: =L50 -> 5000 | M61: =M50 -> 3905.992 | N61: =N50 -> 0 | O61: =O50 -> 446.29382
B62: Totaal kosten BHM cat. 2 (tlv ProRail AM) | G62: periode beheer van - tot: | H62: =F37 -> 2018 | I62: - | J62: =K38 -> 2028 | L62: =SUMIF(B51:B58,2,L51:L58) -> 10500 | M62: =SUMIF(B51:B58,2,M51:M58) -> 9877.9762 | N62: =SUMIF(B51:B58,2,N51:N58) -> 0 | O62: =SUMIF(B51:B58,2,O51:O58) -> 1128.6453
B63: Totaal kosten BHM cat. 1 (tlv ProRail Projecten) | G63: periode beheer van - tot: | H63: =F37 -> 2018 | I63: - | J63: =K38 -> 2028 | L63: =SUMIF(B51:B58,1,L51:L58) -> 0 | M63: =SUMIF(B51:B58,1,M51:M58) -> 0 | N63: =SUMIF(B51:B58,1,N51:N58) -> 0 | O63: =SUMIF(B51:B58,1,O51:O58) -> 0
B64: Totaal kosten BHM cat. 1+2 | G64: periode beheer van - tot: | H64: =F37 -> 2018 | I64: - | J64: =K38 -> 2028 | L64: =SUM(L51:L58) -> 10500 | M64: =SUM(M51:M58) -> 9877.9762 | N64: =SUM(N51:N58) -> 0 | O64: =SUM(O51:O58) -> 1128.6453
B65: Totaal kosten vervanging cat. 1 (tlv ProRail Projecten) | G65: vervangingsjaar: | K65: =K59 -> 2053 | L65: =L59 -> 1065900 | M65: =M59 -> 0 | N65: =N59 -> 104 | O65: =O59 -> 0
B66: Totaal kosten cat. 1+2+3 | G66: periode beheer van - tot: | H66: =F37 -> 2018 | I66: - | J66: =K38 -> 2028 | L66: =SUM(L49:L59) -> 1087900 | M66: =SUM(M49:M59) -> 20187.539 | N66: =SUM(N49:N59) -> 104 | O66: =SUM(O49:O59) -> 2306.6033
B68: Uitkomsten LTP
B69: Kosten cat. | C69: Omschrijving | K69: ='Berekening MJOP+LTP'!W54 -> uitvoering | L69: ='Berekening MJOP+LTP'!T54 -> kosten | M69: ='Berekening MJOP+LTP'!Y54 -> Σ NCW | N69: TVP-duur | O69: Equiv. Jaarlast
C70: ='Berekening MJOP+LTP'!B57 -> Stalen kunstwerk
B71: ='Berekening MJOP+LTP'!B58 -> 3 | D71: ='Berekening MJOP+LTP'!B74 -> totaal klein cyclisch onderhoud | M71: ='Berekening MJOP+LTP'!Y74 -> 0 | N71: ='Berekening MJOP+LTP'!AA74 -> 0 | O71: ='Berekening MJOP+LTP'!AC74 -> 0
B72: ='Berekening MJOP+LTP'!B80 -> 1 | D72: ='Berekening MJOP+LTP'!B95 -> totaal groot cyclisch onderhoud | M72: ='Berekening MJOP+LTP'!Y95 -> 0 | N72: ='Berekening MJOP+LTP'!AA95 -> 0 | O72: ='Berekening MJOP+LTP'!AC95 -> 0
B73: ='Berekening MJOP+LTP'!B97 -> 1 | D73: ='Berekening MJOP+LTP'!B105 -> totaal vervanging | H73: theor.einde.levensduur: | J73: =F24+100 -> 2053 | L73: ='Berekening MJOP+LTP'!T105 -> 0 | M73: ='Berekening MJOP+LTP'!Y105 -> 0 | N73: ='Berekening MJOP+LTP'!AA97 -> 0 | O73: ='Berekening MJOP+LTP'!AC105 -> 0
C74: ='Berekening MJOP+LTP'!B108 -> Betonnen kunstwerk | O74: ='Berekening MJOP+LTP'!AA145 -> 0
B75: ='Berekening MJOP+LTP'!B109 -> 3 | D75: ='Berekening MJOP+LTP'!B125 -> totaal klein cyclisch onderhoud | M75: ='Berekening MJOP+LTP'!Y125 -> 20545.547 | N75: ='Berekening MJOP+LTP'!AA125 -> 0 | O75: ='Berekening MJOP+LTP'!AC125 -> 1115.1285
B76: ='Berekening MJOP+LTP'!B131 -> 1 | D76: ='Berekening MJOP+LTP'!B147 -> totaal groot cyclisch onderhoud | M76: ='Berekening MJOP+LTP'!Y147 -> 0 | N76: ='Berekening MJOP+LTP'!AA147 -> 0 | O76: ='Berekening MJOP+LTP'!AC147 -> 0
B77: ='Berekening MJOP+LTP'!B149 -> 1 | D77: ='Berekening MJOP+LTP'!B154 -> totaal vervanging | H77: theor.einde.levensduur: | J77: =F24+100 -> 2053 | K77: 2053 | L77: ='Berekening MJOP+LTP'!T154 -> 864006 | M77: ='Berekening MJOP+LTP'!Y154 -> 466036.71 | N77: ='Berekening MJOP+LTP'!AA149 -> 52 | O77: ='Berekening MJOP+LTP'!AC154 -> 25294.571
C78: ='Berekening MJOP+LTP'!B157 -> Metselwerk kunstwerk | O78: ='Berekening MJOP+LTP'!AA196 -> 0
B79: ='Berekening MJOP+LTP'!B158 -> 3 | D79: ='Berekening MJOP+LTP'!B173 -> totaal klein cyclisch onderhoud | M79: ='Berekening MJOP+LTP'!Y172 -> 0 | N79: ='Berekening MJOP+LTP'!AA172 -> 0 | O79: ='Berekening MJOP+LTP'!AC172 -> 0
B80: ='Berekening MJOP+LTP'!B174 -> 1 | D80: ='Berekening MJOP+LTP'!B185 -> totaal groot cyclisch onderhoud | M80: ='Berekening MJOP+LTP'!Y185 -> 0 | N80: ='Berekening MJOP+LTP'!AA185 -> 0 | O80: ='Berekening MJOP+LTP'!AC185 -> 0
B81: ='Berekening MJOP+LTP'!B187 -> 1 | D81: ='Berekening MJOP+LTP'!B191 -> totaal vervanging | H81: theor.einde.levensduur: | J81: =F24+100 -> 2053 | L81: ='Berekening MJOP+LTP'!Y191 -> 0 | M81: ='Berekening MJOP+LTP'!Y191 -> 0 | N81: ='Berekening MJOP+LTP'!AA187 -> 0 | O81: ='Berekening MJOP+LTP'!AC191 -> 0
C82: ='Berekening MJOP+LTP'!B194 -> Betonnen onderbouw
B83: ='Berekening MJOP+LTP'!B195 -> 3 | D83: ='Berekening MJOP+LTP'!B200 -> totaal klein cyclisch onderhoud | M83: ='Berekening MJOP+LTP'!Y199 -> 0 | N83: ='Berekening MJOP+LTP'!AA199 -> 0 | O83: ='Berekening MJOP+LTP'!AC199 -> 0
B84: ='Berekening MJOP+LTP'!B201 -> 1 | D84: ='Berekening MJOP+LTP'!B202 -> totaal groot cyclisch onderhoud | M84: ='Berekening MJOP+LTP'!Y202 -> 0 | N84: ='Berekening MJOP+LTP'!AA202 -> 0 | O84: ='Berekening MJOP+LTP'!AC202 -> 0
B85: ='Berekening MJOP+LTP'!B204 -> 1 | D85: ='Berekening MJOP+LTP'!B208 -> totaal vervanging | H85: theor.einde.levensduur: | J85: =F25+100 -> 1962 | L85: ='Berekening MJOP+LTP'!T208 -> 0 | M85: ='Berekening MJOP+LTP'!Y208 -> 0 | N85: ='Berekening MJOP+LTP'!AA204 -> 0 | O85: ='Berekening MJOP+LTP'!AC208 -> 0
C86: ='Berekening MJOP+LTP'!B211 -> Metselwerk onderbouw
B87: ='Berekening MJOP+LTP'!B212 -> 3 | D87: ='Berekening MJOP+LTP'!B217 -> totaal klein cyclisch onderhoud | M87: ='Berekening MJOP+LTP'!Y216 -> 4509.0162 | N87: ='Berekening MJOP+LTP'!AA216 -> 0 | O87: ='Berekening MJOP+LTP'!AC216 -> 244.731
B88: ='Berekening MJOP+LTP'!B218 -> 1 | D88: ='Berekening MJOP+LTP'!B219 -> totaal groot cyclisch onderhoud | M88: ='Berekening MJOP+LTP'!Y219 -> 0 | N88: ='Berekening MJOP+LTP'!AA219 -> 0 | O88: ='Berekening MJOP+LTP'!AC219 -> 0
B89: ='Berekening MJOP+LTP'!B221 -> 1 | D89: ='Berekening MJOP+LTP'!B225 -> Totaal vervanging | H89: theor.einde.levensduur: | J89: =F25+100 -> 1962 | K89: 2053 | L89: ='Berekening MJOP+LTP'!T225 -> 201894 | M89: ='Berekening MJOP+LTP'!Y225 -> 108899.72 | N89: ='Berekening MJOP+LTP'!AA221 -> 52 | O89: ='Berekening MJOP+LTP'!AC225 -> 5910.6328
C90: ='Berekening MJOP+LTP'!B228 -> Madaster (vrijkomende materialen)
D91: ='Berekening MJOP+LTP'!B237 -> totaal (opbrengst) madaster | L91: ='Berekening MJOP+LTP'!T237 -> -22804
B92: Totaal kosten klein cyclisch onderhoud cat. 3 (tlv PGO-contract) | G92: periode van - tot: | H92: =F41 -> 2028 | I92: - | J92: =K42 -> 2053 | M92: =M71+M75+M79+M83+M87 -> 25054.564 | N92: =N71+N75+N79+N83+N87 -> 0 | O92: =O71+O75+O79+O83+O87 -> 1359.8595
B93: Totaal kosten groot cyclisch onderhoud cat. 1 (ProRail Projecten) | G93: periode van - tot: | H93: =F41 -> 2028 | I93: - | J93: =K42 -> 2053 | M93: =M72+M76+M80+M84+M88 -> 0 | N93: =N72+N76+N80+N84+N88 -> 0 | O93: =O72+O76+O80+O84+O88 -> 0
B94: Totaal kosten vervanging cat. 1 (tlv ProRail Projecten) | G94: vervangingsjaar: | K94: =K59 -> 2053 | L94: =L73+L77+L81+L85+L89 -> 1065900 | M94: =M73+M77+M81+M85+M89 -> 574936.43 | N94: =N73+N77+N81+N85+N89 -> 104 | O94: =O73+O77+O81+O85+O89 -> 31205.204
B95: Totaal opbrengst Madaster (ProRail Projecten) | G95: vervangingsjaar: | K95: =K59 -> 2053 | L95: =L91 -> -22804
C98: Vrijkomende materialen bij vervanging (Madaster)
C99: Omschrijving | E99: hoev.heid | F99: eenheid
C100: ='Berekening MJOP+LTP'!K229 -> (Constructie) staal spoordek | E100: ='Berekening MJOP+LTP'!Q229 -> 0.77 | F100: ='Berekening MJOP+LTP'!R229 -> ton
C101: ='Berekening MJOP+LTP'!K230 -> Beton spoordek | E101: ='Berekening MJOP+LTP'!Q230 -> 130 | F101: ='Berekening MJOP+LTP'!R230 -> ton
C102: ='Berekening MJOP+LTP'!K231 -> Betonstaal spoordek | E102: ='Berekening MJOP+LTP'!Q231 -> 65 | F102: ='Berekening MJOP+LTP'!R231 -> ton
C103: ='Berekening MJOP+LTP'!K232 -> Beton onderbouw | E103: ='Berekening MJOP+LTP'!Q232 -> 0 | F103: ='Berekening MJOP+LTP'!R232 -> ton
C104: ='Berekening MJOP+LTP'!K233 -> Betonstaal onderbouw | E104: ='Berekening MJOP+LTP'!Q233 -> 0 | F104: ='Berekening MJOP+LTP'!R233 -> ton
C105: ='Berekening MJOP+LTP'!K234 -> Metselwerk spoordek | E105: ='Berekening MJOP+LTP'!Q234 -> 0 | F105: ='Berekening MJOP+LTP'!R234 -> ton
C106: ='Berekening MJOP+LTP'!K235 -> Metselwerk onderbouw | E106: ='Berekening MJOP+LTP'!Q235 -> 63 | F106: ='Berekening MJOP+LTP'!R235 -> ton
C107: ='Berekening MJOP+LTP'!K236 -> 0 | E107: ='Berekening MJOP+LTP'!Q236 -> 0 | F107: ='Berekening MJOP+LTP'!R236 -> ton

Sheet Berekening MJOP+LTP
B1: Kosten | C1: BHM in | D1: BHM | E1: € in PVE | F1: Thema | I1: Maat- | K1: Omschrijving | O1: Uitgangspunten | P1: Aanvullende informatie | Q1: hoev | R1: eenh. | S1: eenh.prijs | T1: kosten | U1: freq | V1: theor.einde | W1: uitvoering | Y1: Σ NCW | Z1: TVP | AA1: TVP duur | AC1: Equiv. | AE1: (Netto Contante) Waarde tabel | EE1: Onderwaterscherm wel/geen waarde
B2: cat. | C2: PVE j/n | D2: nr. | E2: j/n | I2: regel | V2: levensd | AC2: jaarlast
B5: Kostencategorien
B7: Cat. 1 | D7: Beheerkosten tlv ProRail Projecten (assetowner) | K7: Kosten voor de BHM opgenomen in de PVE's en dus ook in het productieplan (PP)
D8: (langcyclisch onderhoud, vervanging e.d.) | K8: Deze zijn ter verantwoording en rekening van ProRail Centraal, afdeling Projecten
D9: Kostenkengetallen zijn op niveau van investeringskosten | K9: Kosten voor de geadviseerde BHM die niet zijn opgenomen in de PVE's maar wel zijn opgenomen in de KW-paspoorten
D10: Factor van niveau BDBK -> INV: | H10: 2.38 | I10: 2.38
B12: Cat. 2 | D12: Beheerkosten tlv ProRail AM (assetmanager) | K12: Deze BHM zijn nodig om het risicoprofiel van het betreffende KW te verlagen
D13: Regio Zuid | K13: Kosten voor de BHM en onderhoud om de functionaliteit van het KW te waarborgen en om degradatie v/h KW te voorkomen
D14: Kostenkengetallen zijn op niveau van bouwkosten
D15: Factor van niveau BDBK -> BK: | H15: 1.77
B17: Cat. 3 | D17: Beheerkosten tlv PGO-contract (service provider) | K17: in model opnemen startjaar (keuzejaar) voor LTP (los van startjaar PGO maar wel jaartal in zelfde kolom)
D18: (kortcyclisch onderhoud) | K18: vervangingskosten opnemen in LTP gekoppeld aan bouwjaar
D19: Kostenkengetallen zijn op niveau van bouwkosten | K19: tbv LTP hoeveelheden uit paspoort overnemen? (bv LxB rijdek) tbv regulier onderhoud en vervanging
D20: Factor van niveau BDBK -> BK: | H20: 1.77 | I20: 1.77
K21: Voor kosten kengetallen vervanging zie: "SO-kengetall_verv_kwn_ProRail Zuid"
B24: Alleen de cellen met licht blauwe arcering invullen/aanpassen
B26: MEERJARENONDERHOUDSPLAN (MJOP)
B28: Kosten | C28: BHM in | D28: BHM | E28: € in PVE | F28: Thema | I28: Maat- | K28: Omschrijving | O28: Uitgangspunten | P28: Aanvullende informatie | Q28: hoev | R28: eenh. | S28: eenh.prijs | T28: kosten | U28: freq | V28: theor.einde | W28: uitvoering | Y28: Σ NCW | Z28: TVP | AA28: TVP duur | AC28: Equiv. | AE28: (Netto Contante) Waarde tabel | EE28: Onderwaterscherm wel/geen waarde
B29: cat. | C29: PVE j/n | D29: nr. | E29: j/n | I29: regel | V29: levensd | AC29: jaarlast
AE30: =Voorblad!F37 -> 2018 | AF30: =AE30+1 -> 2019 | AG30: =AF30+1 -> 2020 | AH30: =AG30+1 -> 2021 | AI30: =AH30+1 -> 2022 | AJ30: =AI30+1 -> 2023 | AK30: =AJ30+1 -> 2024 | AL30: =AK30+1 -> 2025 | AM30: =AL30+1 -> 2026 | ... EB30: =EA30+1 -> 2119 | EF30: =Voorblad!F37 -> 2018 | EG30: =EF30+1 -> 2019 | EH30: =EG30+1 -> 2020 | EI30: =EH30+1 -> 2021 | EJ30: =EI30+1 -> 2022 | EK30: =EJ30+1 -> 2023 | EL30: =EK30+1 -> 2024 | EM30: =EL30+1 -> 2025 | EN30: =EM30+1 -> 2026 | ... IB30: =IA30+1 -> 2118
B31: 3 | C31: nee | D31: nvt | E31: nvt | F31: waarborg functie | I31: FMECA | K31: uitvoeren risicoanalyses tbv PGO-contract (FMECA) | O31: PGO-contract (service provider) | Q31: 1 | R31: post | S31: 1500 | T31: =Q31*S31 -> 1500 | U31: 5 | Y31: =SUM(AE31:EB31) -> 2497.579 | AC31: =$Y31*(Voorblad!$K$44*(1+Voorblad!$K$44)^Voorblad!$K$37)/((1+Voorblad!$K$44)^Voorblad!$K$37-1) -> 285.37029 | AE31: =EF31*($Q31*$S31)/(1+Voorblad!$K$44)^(AE$56-Voorblad!$F$41) -> 0 | AF31: =EG31*($Q31*$S31)/(1+Voorblad!$K$44)^(AF$30-Voorblad!$F$37) -> 0 | AG31: =EH31*($Q31*$S31)/(1+Voorblad!$K$44)^(AG$56-Voorblad!$F$41) -> 0 | AH31: =EI31*($Q31*$S31)/(1+Voorblad!$K$44)^(AH$56-Voorblad!$F$41) -> 0 | AI31: =EJ31*($Q31*$S31)/(1+Voorblad!$K$44)^(AI$56-Voorblad!$F$41) -> 0 | AJ31: =EK31*($Q31*$S31)/(1+Voorblad!$K$44)^(AJ$56-Voorblad!$F$41) -> 1325.7814 | AK31: =EL31*($Q31*$S31)/(1+Voorblad!$K$44)^(AK$56-Voorblad!$F$41) -> 0 | AL31: =EM31*($Q31*$S31)/(1+Voorblad!$K$44)^(AL$56-Voorblad!$F$41) -> 0 | AM31: =EN31*($Q31*$S31)/(1+Voorblad!$K$44)^(AM$56-Voorblad!$F$41) -> 0 | AN31: =EO31*($Q31*$S31)/(1+Voorblad!$K$44)^(AN$56-Voorblad!$F$41) -> 0 | ... EB31: =IC31*($Q31*$S31)/(1+Voorblad!$K$44)^(EB$56-Voorblad!$F$41) -> 0 | EE31: 0 | EF31: =IF(EF$30-Voorblad!$F$37>Voorblad!$K$37,0,IF($U31=0,0,IF($U31<1,1/$U31,IF((EF$30-Voorblad!$F$37)/$U31-SUM($EE31:EE31)=1,1,0)))) -> 0 | EG31: =IF(EG$30-Voorblad!$F$37>Voorblad!$K$37,0,IF($U31=0,0,IF($U31<1,1/$U31,IF((EG$30-Voorblad!$F$37)/$U31-SUM($EE31:EF31)=1,1,0)))) -> 0 | EH31: =IF(EH$30-Voorblad!$F$37>Voorblad!$K$37,0,IF($U31=0,0,IF($U31<1,1/$U31,IF((EH$30-Voorblad!$F$37)/$U31-SUM($EE31:EG31)=1,1,0)))) -> 0 | EI31: =IF(EI$30-Voorblad!$F$37>Voorblad!$K$37,0,IF($U31=0,0,IF($U31<1,1/$U31,IF((EI$30-Voorblad!$F$37)/$U31-SUM($EE31:EH31)=1,1,0)))) -> 0 | EJ31: =IF(EJ$30-Voorblad!$F$37>Voorblad!$K$37,0,IF($U31=0,0,IF($U31<1,1/$U31,IF((EJ$30-Voorblad!$F$37)/$U31-SUM($EE31:EI31)=1,1,0)))) -> 0 | EK31: =IF(EK$30-Voorblad!$F$37>Voorblad!$K$37,0,IF($U31=0,0,IF($U31<1,1/$U31,IF((EK$30-Voorblad!$F$37)/$U31-SUM($EE31:EJ31)=1,1,0)))) -> 1 | EL31: =IF(EL$30-Voorblad!$F$37>Voorblad!$K$37,0,IF($U31=0,0,IF($U31<1,1/$U31,IF((EL$30-Voorblad!$F$37)/$U31-SUM($EE31:EK31)=1,1,0)))) -> 0 | EM31: =IF(EM$30-Voorblad!$F$37>Voorblad!$K$37,0,IF($U31=0,0,IF($U31<1,1/$U31,IF((EM$30-Voorblad!$F$37)/$U31-SUM($EE31:EL31)=1,1,0)))) -> 0 | ... IB31: =IF(IB$30-Voorblad!$F$37>Voorblad!$K$37,0,IF($U31=0,0,IF($U31<1,1/$U31,IF((IB$30-Voorblad!$F$37)/$U31-SUM($EE31:IA31)=1,1,0)))) -> 0
B32: 3 | C32: nee | D32: nvt | E32: nvt | F32: waarborg functie | I32: ko | K32: schoonmaken/klein herstel oppervlak, anti-graffiti | O32: PGO-contract (service provider) | Q32: 1 | R32: post | S32: 5000 | T32: =Q32*S32 -> 5000 | U32: 10 | Y32: =SUM(AE32:EB32) -> 3905.992 | AC32: =$Y32*(Voorblad!$K$44*(1+Voorblad!$K$44)^Voorblad!$K$37)/((1+Voorblad!$K$44)^Voorblad!$K$37-1) -> 446.29382 | AE32: =EF32*($Q32*$S32)/(1+Voorblad!$K$44)^(AE$56-Voorblad!$F$41) -> 0 | AF32: =EG32*($Q32*$S32)/(1+Voorblad!$K$44)^(AF$30-Voorblad!$F$37) -> 0 | AG32: =EH32*($Q32*$S32)/(1+Voorblad!$K$44)^(AG$56-Voorblad!$F$41) -> 0 | AH32: =EI32*($Q32*$S32)/(1+Voorblad!$K$44)^(AH$56-Voorblad!$F$41) -> 0 | AI32: =EJ32*($Q32*$S32)/(1+Voorblad!$K$44)^(AI$56-Voorblad!$F$41) -> 0 | AJ32: =EK32*($Q32*$S32)/(1+Voorblad!$K$44)^(AJ$56-Voorblad!$F$41) -> 0 | AK32: =EL32*($Q32*$S32)/(1+Voorblad!$K$44)^(AK$56-Voorblad!$F$41) -> 0 | AL32: =EM32*($Q32*$S32)/(1+Voorblad!$K$44)^(AL$56-Voorblad!$F$41) -> 0 | AM32: =EN32*($Q32*$S32)/(1+Voorblad!$K$44)^(AM$56-Voorblad!$F$41) -> 0 | AN32: =EO32*($Q32*$S32)/(1+Voorblad!$K$44)^(AN$56-Voorblad!$F$41) -> 0 | ... EB32: =IC32*($Q32*$S32)/(1+Voorblad!$K$44)^(EB$56-Voorblad!$F$41) -> 0 | EE32: 0 | EF32: =IF(EF$30-Voorblad!$F$37>Voorblad!$K$37,0,IF($U32=0,0,IF($U32<1,1/$U32,IF((EF$30-Voorblad!$F$37)/$U32-SUM($EE32:EE32)=1,1,0)))) -> 0 | EG32: =IF(EG$30-Voorblad!$F$37>Voorblad!$K$37,0,IF($U32=0,0,IF($U32<1,1/$U32,IF((EG$30-Voorblad!$F$37)/$U32-SUM($EE32:EF32)=1,1,0)))) -> 0 | EH32: =IF(EH$30-Voorblad!$F$37>Voorblad!$K$37,0,IF($U32=0,0,IF($U32<1,1/$U32,IF((EH$30-Voorblad!$F$37)/$U32-SUM($EE32:EG32)=1,1,0)))) -> 0 | EI32: =IF(EI$30-Voorblad!$F$37>Voorblad!$K$37,0,IF($U32=0,0,IF($U32<1,1/$U32,IF((EI$30-Voorblad!$F$37)/$U32-SUM($EE32:EH32)=1,1,0)))) -> 0 | EJ32: =IF(EJ$30-Voorblad!$F$37>Voorblad!$K$37,0,IF($U32=0,0,IF($U32<1,1/$U32,IF((EJ$30-Voorblad!$F$37)/$U32-SUM($EE32:EI32)=1,1,0)))) -> 0 | EK32: =IF(EK$30-Voorblad!$F$37>Voorblad!$K$37,0,IF($U32=0,0,IF($U32<1,1/$U32,IF((EK$30-Voorblad!$F$37)/$U32-SUM($EE32:EJ32)=1,1,0)))) -> 0 | EL32: =IF(EL$30-Voorblad!$F$37>Voorblad!$K$37,0,IF($U32=0,0,IF($U32<1,1/$U32,IF((EL$30-Voorblad!$F$37)/$U32-SUM($EE32:EK32)=1,1,0)))) -> 0 | EM32: =IF(EM$30-Voorblad!$F$37>Voorblad!$K$37,0,IF($U32=0,0,IF($U32<1,1/$U32,IF((EM$30-Voorblad!$F$37)/$U32-SUM($EE32:EL32)=1,1,0)))) -> 0 | ... IB32: =IF(IB$30-Voorblad!$F$37>Voorblad!$K$37,0,IF($U32=0,0,IF($U32<1,1/$U32,IF((IB$30-Voorblad!$F$37)/$U32-SUM($EE32:IA32)=1,1,0)))) -> 0
B33: totaal PGO-contract (service provider) | T33: =SUM(T31:T32) -> 6500 | Y33: =SUM(Y31:Y32) -> 6403.571 | AC33: =$Y33*(Voorblad!$K$44*(1+Voorblad!$K$44)^Voorblad!$K$37)/((1+Voorblad!$K$44)^Voorblad!$K$37-1) -> 731.66411
B35: 2 | C35: nvt | D35: nvt | E35: nvt | F35: AM tbv PP | I35: advies | K35: advieswerk IB tbv vullen productieplan | O35: advieswerk IB tbv productie plan | Q35: 1 | R35: post | S35: 5000 | T35: =Q35*S35 -> 5000 | U35: 10 | Y35: =SUM(AE35:EB35) -> 3905.992 | AC35: =$Y35*(Voorblad!$K$44*(1+Voorblad!$K$44)^Voorblad!$K$37)/((1+Voorblad!$K$44)^Voorblad!$K$37-1) -> 446.29382 | AE35: =EF35*($Q35*$S35)/(1+Voorblad!$K$44)^(AE$56-Voorblad!$F$41) -> 0 | AF35: =EG35*($Q35*$S35)/(1+Voorblad!$K$44)^(AF$30-Voorblad!$F$37) -> 0 | AG35: =EH35*($Q35*$S35)/(1+Voorblad!$K$44)^(AG$56-Voorblad!$F$41) -> 0 | AH35: =EI35*($Q35*$S35)/(1+Voorblad!$K$44)^(AH$56-Voorblad!$F$41) -> 0 | AI35: =EJ35*($Q35*$S35)/(1+Voorblad!$K$44)^(AI$56-Voorblad!$F$41) -> 0 | AJ35: =EK35*($Q35*$S35)/(1+Voorblad!$K$44)^(AJ$56-Voorblad!$F$41) -> 0 | AK35: =EL35*($Q35*$S35)/(1+Voorblad!$K$44)^(AK$56-Voorblad!$F$41) -> 0 | AL35: =EM35*($Q35*$S35)/(1+Voorblad!$K$44)^(AL$56-Voorblad!$F$41) -> 0 | AM35: =EN35*($Q35*$S35)/(1+Voorblad!$K$44)^(AM$56-Voorblad!$F$41) -> 0 | AN35: =EO35*($Q35*$S35)/(1+Voorblad!$K$44)^(AN$56-Voorblad!$F$41) -> 0 | ... EB35: =IC35*($Q35*$S35)/(1+Voorblad!$K$44)^(EB$56-Voorblad!$F$41) -> 0 | EE35: 0 | EF35: =IF(EF$30-Voorblad!$F$37>Voorblad!$K$37,0,IF($U35=0,0,IF($U35<1,1/$U35,IF((EF$30-Voorblad!$F$37)/$U35-SUM($EE35:EE35)=1,1,0)))) -> 0 | EG35: =IF(EG$30-Voorblad!$F$37>Voorblad!$K$37,0,IF($U35=0,0,IF($U35<1,1/$U35,IF((EG$30-Voorblad!$F$37)/$U35-SUM($EE35:EF35)=1,1,0)))) -> 0 | EH35: =IF(EH$30-Voorblad!$F$37>Voorblad!$K$37,0,IF($U35=0,0,IF($U35<1,1/$U35,IF((EH$30-Voorblad!$F$37)/$U35-SUM($EE35:EG35)=1,1,0)))) -> 0 | EI35: =IF(EI$30-Voorblad!$F$37>Voorblad!$K$37,0,IF($U35=0,0,IF($U35<1,1/$U35,IF((EI$30-Voorblad!$F$37)/$U35-SUM($EE35:EH35)=1,1,0)))) -> 0 | EJ35: =IF(EJ$30-Voorblad!$F$37>Voorblad!$K$37,0,IF($U35=0,0,IF($U35<1,1/$U35,IF((EJ$30-Voorblad!$F$37)/$U35-SUM($EE35:EI35)=1,1,0)))) -> 0 | EK35: =IF(EK$30-Voorblad!$F$37>Voorblad!$K$37,0,IF($U35=0,0,IF($U35<1,1/$U35,IF((EK$30-Voorblad!$F$37)/$U35-SUM($EE35:EJ35)=1,1,0)))) -> 0 | EL35: =IF(EL$30-Voorblad!$F$37>Voorblad!$K$37,0,IF($U35=0,0,IF($U35<1,1/$U35,IF((EL$30-Voorblad!$F$37)/$U35-SUM($EE35:EK35)=1,1,0)))) -> 0 | EM35: =IF(EM$30-Voorblad!$F$37>Voorblad!$K$37,0,IF($U35=0,0,IF($U35<1,1/$U35,IF((EM$30-Voorblad!$F$37)/$U35-SUM($EE35:EL35)=1,1,0)))) -> 0 | ... IB35: =IF(IB$30-Voorblad!$F$37>Voorblad!$K$37,0,IF($U35=0,0,IF($U35<1,1/$U35,IF((IB$30-Voorblad!$F$37)/$U35-SUM($EE35:IA35)=1,1,0)))) -> 0
B36: totaal advieswerk IB | T36: =SUM(T34:T35) -> 5000 | Y36: =SUM(Y34:Y35) -> 3905.992 | AC36: =$Y36*(Voorblad!$K$44*(1+Voorblad!$K$44)^Voorblad!$K$37)/((1+Voorblad!$K$44)^Voorblad!$K$37-1) -> 446.29382
B38: 2 | C38: ja | D38: 1 | E38: nee | F38: verlagen risicoprofiel | I38: no | K38: globale beschouwing constructieve veiligheid | Q38: 1 | R38: post | S38: 5000 | T38: =Q38*S38 -> 5000 | U38: 1 | W38: =Voorblad!K51 -> 2021 | Y38: =SUM(AE38:EB38) -> 4642.9971 | AC38: =$Y38*(Voorblad!$K$44*(1+Voorblad!$K$44)^Voorblad!$K$37)/((1+Voorblad!$K$44)^Voorblad!$K$37-1) -> 530.5031 | AE38: =IF($W38=AE$30,EF38*($Q38*$S38)/(1+Voorblad!$K$44)^(AE$30-Voorblad!$F$37),0) -> 0 | AF38: =IF($W38=AF$30,EG38*($Q38*$S38)/(1+Voorblad!$K$44)^(AF$30-Voorblad!$F$37),0) -> 0 | AG38: =IF($W38=AG$30,EH38*($Q38*$S38)/(1+Voorblad!$K$44)^(AG$30-Voorblad!$F$37),0) -> 0 | AH38: =IF($W38=AH$30,EI38*($Q38*$S38)/(1+Voorblad!$K$44)^(AH$30-Voorblad!$F$37),0) -> 4642.9971 | AI38: =IF($W38=AI$30,EJ38*($Q38*$S38)/(1+Voorblad!$K$44)^(AI$30-Voorblad!$F$37),0) -> 0 | AJ38: =IF($W38=AJ$30,EK38*($Q38*$S38)/(1+Voorblad!$K$44)^(AJ$30-Voorblad!$F$37),0) -> 0 | AK38: =IF($W38=AK$30,EL38*($Q38*$S38)/(1+Voorblad!$K$44)^(AK$30-Voorblad!$F$37),0) -> 0 | AL38: =IF($W38=AL$30,EM38*($Q38*$S38)/(1+Voorblad!$K$44)^(AL$30-Voorblad!$F$37),0) -> 0 | ... EB38: =IF($W38=EB$30,IC38*($Q38*$S38)/(1+Voorblad!$K$44)^(EB$30-Voorblad!$F$37),0) -> 0 | EE38: 0 | EF38: =IF(EF$30-Voorblad!$F$37>Voorblad!$K$37,0,IF($U38=0,0,IF($U38<1,1/$U38,IF((EF$30-Voorblad!$F$37)/$U38-SUM($EE38:EE38)=1,1,0)))) -> 0 | EG38: =IF(EG$30-Voorblad!$F$37>Voorblad!$K$37,0,IF($U38=0,0,IF($U38<1,1/$U38,IF((EG$30-Voorblad!$F$37)/$U38-SUM($EE38:EF38)=1,1,0)))) -> 1 | EH38: =IF(EH$30-Voorblad!$F$37>Voorblad!$K$37,0,IF($U38=0,0,IF($U38<1,1/$U38,IF((EH$30-Voorblad!$F$37)/$U38-SUM($EE38:EG38)=1,1,0)))) -> 1 | EI38: =IF(EI$30-Voorblad!$F$37>Voorblad!$K$37,0,IF($U38=0,0,IF($U38<1,1/$U38,IF((EI$30-Voorblad!$F$37)/$U38-SUM($EE38:EH38)=1,1,0)))) -> 1 | EJ38: =IF(EJ$30-Voorblad!$F$37>Voorblad!$K$37,0,IF($U38=0,0,IF($U38<1,1/$U38,IF((EJ$30-Voorblad!$F$37)/$U38-SUM($EE38:EI38)=1,1,0)))) -> 1 | EK38: =IF(EK$30-Voorblad!$F$37>Voorblad!$K$37,0,IF($U38=0,0,IF($U38<1,1/$U38,IF((EK$30-Voorblad!$F$37)/$U38-SUM($EE38:EJ38)=1,1,0)))) -> 1 | EL38: =IF(EL$30-Voorblad!$F$37>Voorblad!$K$37,0,IF($U38=0,0,IF($U38<1,1/$U38,IF((EL$30-Voorblad!$F$37)/$U38-SUM($EE38:EK38)=1,1,0)))) -> 1 | EM38: =IF(EM$30-Voorblad!$F$37>Voorblad!$K$37,0,IF($U38=0,0,IF($U38<1,1/$U38,IF((EM$30-Voorblad!$F$37)/$U38-SUM($EE38:EL38)=1,1,0)))) -> 1 | ... IB38: =IF(IB$30-Voorblad!$F$37>Voorblad!$K$37,0,IF($U38=0,0,IF($U38<1,1/$U38,IF((IB$30-Voorblad!$F$37)/$U38-SUM($EE38:IA38)=1,1,0)))) -> 0
B39: 2 | C39: ja | D39: 2 | E39: nee | F39: verlagen risicoprofiel | I39: no | K39: uitvoeren nader archiefonderzoek kunstwerk | Q39: 1 | R39: post | S39: 500 | T39: =Q39*S39 -> 500 | U39: 1 | W39: =Voorblad!K52 -> 2020 | Y39: =SUM(AE39:EB39) -> 475.9072 | AC39: =$Y39*(Voorblad!$K$44*(1+Voorblad!$K$44)^Voorblad!$K$37)/((1+Voorblad!$K$44)^Voorblad!$K$37-1) -> 54.376568 | AE39: =IF($W39=AE$30,EF39*($Q39*$S39)/(1+Voorblad!$K$44)^(AE$30-Voorblad!$F$37),0) -> 0 | AF39: =IF($W39=AF$30,EG39*($Q39*$S39)/(1+Voorblad!$K$44)^(AF$30-Voorblad!$F$37),0) -> 0 | AG39: =IF($W39=AG$30,EH39*($Q39*$S39)/(1+Voorblad!$K$44)^(AG$30-Voorblad!$F$37),0) -> 475.9072 | AH39: =IF($W39=AH$30,EI39*($Q39*$S39)/(1+Voorblad!$K$44)^(AH$30-Voorblad!$F$37),0) -> 0 | AI39: =IF($W39=AI$30,EJ39*($Q39*$S39)/(1+Voorblad!$K$44)^(AI$30-Voorblad!$F$37),0) -> 0 | AJ39: =IF($W39=AJ$30,EK39*($Q39*$S39)/(1+Voorblad!$K$44)^(AJ$30-Voorblad!$F$37),0) -> 0 | AK39: =IF($W39=AK$30,EL39*($Q39*$S39)/(1+Voorblad!$K$44)^(AK$30-Voorblad!$F$37),0) -> 0 | AL39: =IF($W39=AL$30,EM39*($Q39*$S39)/(1+Voorblad!$K$44)^(AL$30-Voorblad!$F$37),0) -> 0 | ... EB39: =IF($W39=EB$30,IC39*($Q39*$S39)/(1+Voorblad!$K$44)^(EB$30-Voorblad!$F$37),0) -> 0 | EE39: 0 | EF39: =IF(EF$30-Voorblad!$F$37>Voorblad!$K$37,0,IF($U39=0,0,IF($U39<1,1/$U39,IF((EF$30-Voorblad!$F$37)/$U39-SUM($EE39:EE39)=1,1,0)))) -> 0 | EG39: =IF(EG$30-Voorblad!$F$37>Voorblad!$K$37,0,IF($U39=0,0,IF($U39<1,1/$U39,IF((EG$30-Voorblad!$F$37)/$U39-SUM($EE39:EF39)=1,1,0)))) -> 1 | EH39: =IF(EH$30-Voorblad!$F$37>Voorblad!$K$37,0,IF($U39=0,0,IF($U39<1,1/$U39,IF((EH$30-Voorblad!$F$37)/$U39-SUM($EE39:EG39)=1,1,0)))) -> 1 | EI39: =IF(EI$30-Voorblad!$F$37>Voorblad!$K$37,0,IF($U39=0,0,IF($U39<1,1/$U39,IF((EI$30-Voorblad!$F$37)/$U39-SUM($EE39:EH39)=1,1,0)))) -> 1 | EJ39: =IF(EJ$30-Voorblad!$F$37>Voorblad!$K$37,0,IF($U39=0,0,IF($U39<1,1/$U39,IF((EJ$30-Voorblad!$F$37)/$U39-SUM($EE39:EI39)=1,1,0)))) -> 1 | EK39: =IF(EK$30-Voorblad!$F$37>Voorblad!$K$37,0,IF($U39=0,0,IF($U39<1,1/$U39,IF((EK$30-Voorblad!$F$37)/$U39-SUM($EE39:EJ39)=1,1,0)))) -> 1 | EL39: =IF(EL$30-Voorblad!$F$37>Voorblad!$K$37,0,IF($U39=0,0,IF($U39<1,1/$U39,IF((EL$30-Voorblad!$F$37)/$U39-SUM($EE39:EK39)=1,1,0)))) -> 1 | EM39: =IF(EM$30-Voorblad!$F$37>Voorblad!$K$37,0,IF($U39=0,0,IF($U39<1,1/$U39,IF((EM$30-Voorblad!$F$37)/$U39-SUM($EE39:EL39)=1,1,0)))) -> 1 | ... IB39: =IF(IB$30-Voorblad!$F$37>Voorblad!$K$37,0,IF($U39=0,0,IF($U39<1,1/$U39,IF((IB$30-Voorblad!$F$37)/$U39-SUM($EE39:IA39)=1,1,0)))) -> 0
B40: 2 | C40: ja | D40: 3 | E40: nee | F40: verlagen risicoprofiel | I40: insp | K40: uitvoeren nadere inspectie gehele constructie conform B2 CUR 117 | Q40: 1 | R40: post | S40: 5000 | T40: =Q40*S40 -> 5000 | U40: 1 | W40: =Voorblad!K53 -> 2020 | Y40: =SUM(AE40:EB40) -> 4759.072 | AC40: =$Y40*(Voorblad!$K$44*(1+Voorblad!$K$44)^Voorblad!$K$37)/((1+Voorblad!$K$44)^Voorblad!$K$37-1) -> 543.76568 | AE40: =IF($W40=AE$30,EF40*($Q40*$S40)/(1+Voorblad!$K$44)^(AE$30-Voorblad!$F$37),0) -> 0 | AF40: =IF($W40=AF$30,EG40*($Q40*$S40)/(1+Voorblad!$K$44)^(AF$30-Voorblad!$F$37),0) -> 0 | AG40: =IF($W40=AG$30,EH40*($Q40*$S40)/(1+Voorblad!$K$44)^(AG$30-Voorblad!$F$37),0) -> 4759.072 | AH40: =IF($W40=AH$30,EI40*($Q40*$S40)/(1+Voorblad!$K$44)^(AH$30-Voorblad!$F$37),0) -> 0 | AI40: =IF($W40=AI$30,EJ40*($Q40*$S40)/(1+Voorblad!$K$44)^(AI$30-Voorblad!$F$37),0) -> 0 | AJ40: =IF($W40=AJ$30,EK40*($Q40*$S40)/(1+Voorblad!$K$44)^(AJ$30-Voorblad!$F$37),0) -> 0 | AK40: =IF($W40=AK$30,EL40*($Q40*$S40)/(1+Voorblad!$K$44)^(AK$30-Voorblad!$F$37),0) -> 0 | AL40: =IF($W40=AL$30,EM40*($Q40*$S40)/(1+Voorblad!$K$44)^(AL$30-Voorblad!$F$37),0) -> 0 | ... EB40: =IF($W40=EB$30,IC40*($Q40*$S40)/(1+Voorblad!$K$44)^(EB$30-Voorblad!$F$37),0) -> 0 | EE40: 0 | EF40: =IF(EF$30-Voorblad!$F$37>Voorblad!$K$37,0,IF($U40=0,0,IF($U40<1,1/$U40,IF((EF$30-Voorblad!$F$37)/$U40-SUM($EE40:EE40)=1,1,0)))) -> 0 | EG40: =IF(EG$30-Voorblad!$F$37>Voorblad!$K$37,0,IF($U40=0,0,IF($U40<1,1/$U40,IF((EG$30-Voorblad!$F$37)/$U40-SUM($EE40:EF40)=1,1,0)))) -> 1 | EH40: =IF(EH$30-Voorblad!$F$37>Voorblad!$K$37,0,IF($U40=0,0,IF($U40<1,1/$U40,IF((EH$30-Voorblad!$F$37)/$U40-SUM($EE40:EG40)=1,1,0)))) -> 1 | EI40: =IF(EI$30-Voorblad!$F$37>Voorblad!$K$37,0,IF($U40=0,0,IF($U40<1,1/$U40,IF((EI$30-Voorblad!$F$37)/$U40-SUM($EE40:EH40)=1,1,0)))) -> 1 | EJ40: =IF(EJ$30-Voorblad!$F$37>Voorblad!$K$37,0,IF($U40=0,0,IF($U40<1,1/$U40,IF((EJ$30-Voorblad!$F$37)/$U40-SUM($EE40:EI40)=1,1,0)))) -> 1 | EK40: =IF(EK$30-Voorblad!$F$37>Voorblad!$K$37,0,IF($U40=0,0,IF($U40<1,1/$U40,IF((EK$30-Voorblad!$F$37)/$U40-SUM($EE40:EJ40)=1,1,0)))) -> 1 | EL40: =IF(EL$30-Voorblad!$F$37>Voorblad!$K$37,0,IF($U40=0,0,IF($U40<1,1/$U40,IF((EL$30-Voorblad!$F$37)/$U40-SUM($EE40:EK40)=1,1,0)))) -> 1 | EM40: =IF(EM$30-Voorblad!$F$37>Voorblad!$K$37,0,IF($U40=0,0,IF($U40<1,1/$U40,IF((EM$30-Voorblad!$F$37)/$U40-SUM($EE40:EL40)=1,1,0)))) -> 1 | ... IB40: =IF(IB$30-Voorblad!$F$37>Voorblad!$K$37,0,IF($U40=0,0,IF($U40<1,1/$U40,IF((IB$30-Voorblad!$F$37)/$U40-SUM($EE40:IA40)=1,1,0)))) -> 0
D41: 4 | Q41: 1 | R41: post | T41: =Q41*S41 -> 0 | U41: 1 | W41: =Voorblad!K54 -> 0 | Y41: =SUM(AE41:EB41) -> 0 | AC41: =$Y41*(Voorblad!$K$44*(1+Voorblad!$K$44)^Voorblad!$K$37)/((1+Voorblad!$K$44)^Voorblad!$K$37-1) -> 0 | AE41: =IF($W41=AE$30,EF41*($Q41*$S41)/(1+Voorblad!$K$44)^(AE$30-Voorblad!$F$37),0) -> 0 | AF41: =IF($W41=AF$30,EG41*($Q41*$S41)/(1+Voorblad!$K$44)^(AF$30-Voorblad!$F$37),0) -> 0 | AG41: =IF($W41=AG$30,EH41*($Q41*$S41)/(1+Voorblad!$K$44)^(AG$30-Voorblad!$F$37),0) -> 0 | AH41: =IF($W41=AH$30,EI41*($Q41*$S41)/(1+Voorblad!$K$44)^(AH$30-Voorblad!$F$37),0) -> 0 | AI41: =IF($W41=AI$30,EJ41*($Q41*$S41)/(1+Voorblad!$K$44)^(AI$30-Voorblad!$F$37),0) -> 0 | AJ41: =IF($W41=AJ$30,EK41*($Q41*$S41)/(1+Voorblad!$K$44)^(AJ$30-Voorblad!$F$37),0) -> 0 | AK41: =IF($W41=AK$30,EL41*($Q41*$S41)/(1+Voorblad!$K$44)^(AK$30-Voorblad!$F$37),0) -> 0 | AL41: =IF($W41=AL$30,EM41*($Q41*$S41)/(1+Voorblad!$K$44)^(AL$30-Voorblad!$F$37),0) -> 0 | ... EB41: =IF($W41=EB$30,IC41*($Q41*$S41)/(1+Voorblad!$K$44)^(EB$30-Voorblad!$F$37),0) -> 0 | EE41: 0 | EF41: =IF(EF$30-Voorblad!$F$37>Voorblad!$K$37,0,IF($U41=0,0,IF($U41<1,1/$U41,IF((EF$30-Voorblad!$F$37)/$U41-SUM($EE41:EE41)=1,1,0)))) -> 0 | EG41: =IF(EG$30-Voorblad!$F$37>Voorblad!$K$37,0,IF($U41=0,0,IF($U41<1,1/$U41,IF((EG$30-Voorblad!$F$37)/$U41-SUM($EE41:EF41)=1,1,0)))) -> 1 | EH41: =IF(EH$30-Voorblad!$F$37>Voorblad!$K$37,0,IF($U41=0,0,IF($U41<1,1/$U41,IF((EH$30-Voorblad!$F$37)/$U41-SUM($EE41:EG41)=1,1,0)))) -> 1 | EI41: =IF(EI$30-Voorblad!$F$37>Voorblad!$K$37,0,IF($U41=0,0,IF($U41<1,1/$U41,IF((EI$30-Voorblad!$F$37)/$U41-SUM($EE41:EH41)=1,1,0)))) -> 1 | EJ41: =IF(EJ$30-Voorblad!$F$37>Voorblad!$K$37,0,IF($U41=0,0,IF($U41<1,1/$U41,IF((EJ$30-Voorblad!$F$37)/$U41-SUM($EE41:EI41)=1,1,0)))) -> 1 | EK41: =IF(EK$30-Voorblad!$F$37>Voorblad!$K$37,0,IF($U41=0,0,IF($U41<1,1/$U41,IF((EK$30-Voorblad!$F$37)/$U41-SUM($EE41:EJ41)=1,1,0)))) -> 1 | EL41: =IF(EL$30-Voorblad!$F$37>Voorblad!$K$37,0,IF($U41=0,0,IF($U41<1,1/$U41,IF((EL$30-Voorblad!$F$37)/$U41-SUM($EE41:EK41)=1,1,0)))) -> 1 | EM41: =IF(EM$30-Voorblad!$F$37>Voorblad!$K$37,0,IF($U41=0,0,IF($U41<1,1/$U41,IF((EM$30-Voorblad!$F$37)/$U41-SUM($EE41:EL41)=1,1,0)))) -> 1 | ... IB41: =IF(IB$30-Voorblad!$F$37>Voorblad!$K$37,0,IF($U41=0,0,IF($U41<1,1/$U41,IF((IB$30-Voorblad!$F$37)/$U41-SUM($EE41:IA41)=1,1,0)))) -> 0
D42: 5 | Q42: 1 | R42: post | T42: =Q42*S42 -> 0 | U42: 1 | W42: =Voorblad!K55 -> 0 | Y42: =SUM(AE42:EB42) -> 0 | AC42: =$Y42*(Voorblad!$K$44*(1+Voorblad!$K$44)^Voorblad!$K$37)/((1+Voorblad!$K$44)^Voorblad!$K$37-1) -> 0 | AE42: =IF($W42=AE$30,EF42*($Q42*$S42)/(1+Voorblad!$K$44)^(AE$30-Voorblad!$F$37),0) -> 0 | AF42: =IF($W42=AF$30,EG42*($Q42*$S42)/(1+Voorblad!$K$44)^(AF$30-Voorblad!$F$37),0) -> 0 | AG42: =IF($W42=AG$30,EH42*($Q42*$S42)/(1+Voorblad!$K$44)^(AG$30-Voorblad!$F$37),0) -> 0 | AH42: =IF($W42=AH$30,EI42*($Q42*$S42)/(1+Voorblad!$K$44)^(AH$30-Voorblad!$F$37),0) -> 0 | AI42: =IF($W42=AI$30,EJ42*($Q42*$S42)/(1+Voorblad!$K$44)^(AI$30-Voorblad!$F$37),0) -> 0 | AJ42: =IF($W42=AJ$30,EK42*($Q42*$S42)/(1+Voorblad!$K$44)^(AJ$30-Voorblad!$F$37),0) -> 0 | AK42: =IF($W42=AK$30,EL42*($Q42*$S42)/(1+Voorblad!$K$44)^(AK$30-Voorblad!$F$37),0) -> 0 | AL42: =IF($W42=AL$30,EM42*($Q42*$S42)/(1+Voorblad!$K$44)^(AL$30-Voorblad!$F$37),0) -> 0 | ... EB42: =IF($W42=EB$30,IC42*($Q42*$S42)/(1+Voorblad!$K$44)^(EB$30-Voorblad!$F$37),0) -> 0 | EE42: 0 | EF42: =IF(EF$30-Voorblad!$F$37>Voorblad!$K$37,0,IF($U42=0,0,IF($U42<1,1/$U42,IF((EF$30-Voorblad!$F$37)/$U42-SUM($EE42:EE42)=1,1,0)))) -> 0 | EG42: =IF(EG$30-Voorblad!$F$37>Voorblad!$K$37,0,IF($U42=0,0,IF($U42<1,1/$U42,IF((EG$30-Voorblad!$F$37)/$U42-SUM($EE42:EF42)=1,1,0)))) -> 1 | EH42: =IF(EH$30-Voorblad!$F$37>Voorblad!$K$37,0,IF($U42=0,0,IF($U42<1,1/$U42,IF((EH$30-Voorblad!$F$37)/$U42-SUM($EE42:EG42)=1,1,0)))) -> 1 | EI42: =IF(EI$30-Voorblad!$F$37>Voorblad!$K$37,0,IF($U42=0,0,IF($U42<1,1/$U42,IF((EI$30-Voorblad!$F$37)/$U42-SUM($EE42:EH42)=1,1,0)))) -> 1 | EJ42: =IF(EJ$30-Voorblad!$F$37>Voorblad!$K$37,0,IF($U42=0,0,IF($U42<1,1/$U42,IF((EJ$30-Voorblad!$F$37)/$U42-SUM($EE42:EI42)=1,1,0)))) -> 1 | EK42: =IF(EK$30-Voorblad!$F$37>Voorblad!$K$37,0,IF($U42=0,0,IF($U42<1,1/$U42,IF((EK$30-Voorblad!$F$37)/$U42-SUM($EE42:EJ42)=1,1,0)))) -> 1 | EL42: =IF(EL$30-Voorblad!$F$37>Voorblad!$K$37,0,IF($U42=0,0,IF($U42<1,1/$U42,IF((EL$30-Voorblad!$F$37)/$U42-SUM($EE42:EK42)=1,1,0)))) -> 1 | EM42: =IF(EM$30-Voorblad!$F$37>Voorblad!$K$37,0,IF($U42=0,0,IF($U42<1,1/$U42,IF((EM$30-Voorblad!$F$37)/$U42-SUM($EE42:EL42)=1,1,0)))) -> 1 | ... IB42: =IF(IB$30-Voorblad!$F$37>Voorblad!$K$37,0,IF($U42=0,0,IF($U42<1,1/$U42,IF((IB$30-Voorblad!$F$37)/$U42-SUM($EE42:IA42)=1,1,0)))) -> 0
D43: 6 | Q43: 1 | R43: post | T43: =Q43*S43 -> 0 | U43: 1 | W43: =Voorblad!K56 -> 0 | Y43: =SUM(AE43:EB43) -> 0 | AC43: =$Y43*(Voorblad!$K$44*(1+Voorblad!$K$44)^Voorblad!$K$37)/((1+Voorblad!$K$44)^Voorblad!$K$37-1) -> 0 | AE43: =IF($W43=AE$30,EF43*($Q43*$S43)/(1+Voorblad!$K$44)^(AE$30-Voorblad!$F$37),0) -> 0 | AF43: =IF($W43=AF$30,EG43*($Q43*$S43)/(1+Voorblad!$K$44)^(AF$30-Voorblad!$F$37),0) -> 0 | AG43: =IF($W43=AG$30,EH43*($Q43*$S43)/(1+Voorblad!$K$44)^(AG$30-Voorblad!$F$37),0) -> 0 | AH43: =IF($W43=AH$30,EI43*($Q43*$S43)/(1+Voorblad!$K$44)^(AH$30-Voorblad!$F$37),0) -> 0 | AI43: =IF($W43=AI$30,EJ43*($Q43*$S43)/(1+Voorblad!$K$44)^(AI$30-Voorblad!$F$37),0) -> 0 | AJ43: =IF($W43=AJ$30,EK43*($Q43*$S43)/(1+Voorblad!$K$44)^(AJ$30-Voorblad!$F$37),0) -> 0 | AK43: =IF($W43=AK$30,EL43*($Q43*$S43)/(1+Voorblad!$K$44)^(AK$30-Voorblad!$F$37),0) -> 0 | AL43: =IF($W43=AL$30,EM43*($Q43*$S43)/(1+Voorblad!$K$44)^(AL$30-Voorblad!$F$37),0) -> 0 | ... EB43: =IF($W43=EB$30,IC43*($Q43*$S43)/(1+Voorblad!$K$44)^(EB$30-Voorblad!$F$37),0) -> 0 | EE43: 0 | EF43: =IF(EF$30-Voorblad!$F$37>Voorblad!$K$37,0,IF($U43=0,0,IF($U43<1,1/$U43,IF((EF$30-Voorblad!$F$37)/$U43-SUM($EE43:EE43)=1,1,0)))) -> 0 | EG43: =IF(EG$30-Voorblad!$F$37>Voorblad!$K$37,0,IF($U43=0,0,IF($U43<1,1/$U43,IF((EG$30-Voorblad!$F$37)/$U43-SUM($EE43:EF43)=1,1,0)))) -> 1 | EH43: =IF(EH$30-Voorblad!$F$37>Voorblad!$K$37,0,IF($U43=0,0,IF($U43<1,1/$U43,IF((EH$30-Voorblad!$F$37)/$U43-SUM($EE43:EG43)=1,1,0)))) -> 1 | EI43: =IF(EI$30-Voorblad!$F$37>Voorblad!$K$37,0,IF($U43=0,0,IF($U43<1,1/$U43,IF((EI$30-Voorblad!$F$37)/$U43-SUM($EE43:EH43)=1,1,0)))) -> 1 | EJ43: =IF(EJ$30-Voorblad!$F$37>Voorblad!$K$37,0,IF($U43=0,0,IF($U43<1,1/$U43,IF((EJ$30-Voorblad!$F$37)/$U43-SUM($EE43:EI43)=1,1,0)))) -> 1 | EK43: =IF(EK$30-Voorblad!$F$37>Voorblad!$K$37,0,IF($U43=0,0,IF($U43<1,1/$U43,IF((EK$30-Voorblad!$F$37)/$U43-SUM($EE43:EJ43)=1,1,0)))) -> 1 | EL43: =IF(EL$30-Voorblad!$F$37>Voorblad!$K$37,0,IF($U43=0,0,IF($U43<1,1/$U43,IF((EL$30-Voorblad!$F$37)/$U43-SUM($EE43:EK43)=1,1,0)))) -> 1 | EM43: =IF(EM$30-Voorblad!$F$37>Voorblad!$K$37,0,IF($U43=0,0,IF($U43<1,1/$U43,IF((EM$30-Voorblad!$F$37)/$U43-SUM($EE43:EL43)=1,1,0)))) -> 1 | ... IB43: =IF(IB$30-Voorblad!$F$37>Voorblad!$K$37,0,IF($U43=0,0,IF($U43<1,1/$U43,IF((IB$30-Voorblad!$F$37)/$U43-SUM($EE43:IA43)=1,1,0)))) -> 0
D44: 7 | Q44: 1 | R44: post | T44: =Q44*S44 -> 0 | U44: 1 | W44: =Voorblad!K57 -> 0 | Y44: =SUM(AE44:EB44) -> 0 | AC44: =$Y44*(Voorblad!$K$44*(1+Voorblad!$K$44)^Voorblad!$K$37)/((1+Voorblad!$K$44)^Voorblad!$K$37-1) -> 0 | AE44: =IF($W44=AE$30,EF44*($Q44*$S44)/(1+Voorblad!$K$44)^(AE$30-Voorblad!$F$37),0) -> 0 | AF44: =IF($W44=AF$30,EG44*($Q44*$S44)/(1+Voorblad!$K$44)^(AF$30-Voorblad!$F$37),0) -> 0 | AG44: =IF($W44=AG$30,EH44*($Q44*$S44)/(1+Voorblad!$K$44)^(AG$30-Voorblad!$F$37),0) -> 0 | AH44: =IF($W44=AH$30,EI44*($Q44*$S44)/(1+Voorblad!$K$44)^(AH$30-Voorblad!$F$37),0) -> 0 | AI44: =IF($W44=AI$30,EJ44*($Q44*$S44)/(1+Voorblad!$K$44)^(AI$30-Voorblad!$F$37),0) -> 0 | AJ44: =IF($W44=AJ$30,EK44*($Q44*$S44)/(1+Voorblad!$K$44)^(AJ$30-Voorblad!$F$37),0) -> 0 | AK44: =IF($W44=AK$30,EL44*($Q44*$S44)/(1+Voorblad!$K$44)^(AK$30-Voorblad!$F$37),0) -> 0 | AL44: =IF($W44=AL$30,EM44*($Q44*$S44)/(1+Voorblad!$K$44)^(AL$30-Voorblad!$F$37),0) -> 0 | ... EB44: =IF($W44=EB$30,IC44*($Q44*$S44)/(1+Voorblad!$K$44)^(EB$30-Voorblad!$F$37),0) -> 0 | EE44: 0 | EF44: =IF(EF$30-Voorblad!$F$37>Voorblad!$K$37,0,IF($U44=0,0,IF($U44<1,1/$U44,IF((EF$30-Voorblad!$F$37)/$U44-SUM($EE44:EE44)=1,1,0)))) -> 0 | EG44: =IF(EG$30-Voorblad!$F$37>Voorblad!$K$37,0,IF($U44=0,0,IF($U44<1,1/$U44,IF((EG$30-Voorblad!$F$37)/$U44-SUM($EE44:EF44)=1,1,0)))) -> 1 | EH44: =IF(EH$30-Voorblad!$F$37>Voorblad!$K$37,0,IF($U44=0,0,IF($U44<1,1/$U44,IF((EH$30-Voorblad!$F$37)/$U44-SUM($EE44:EG44)=1,1,0)))) -> 1 | EI44: =IF(EI$30-Voorblad!$F$37>Voorblad!$K$37,0,IF($U44=0,0,IF($U44<1,1/$U44,IF((EI$30-Voorblad!$F$37)/$U44-SUM($EE44:EH44)=1,1,0)))) -> 1 | EJ44: =IF(EJ$30-Voorblad!$F$37>Voorblad!$K$37,0,IF($U44=0,0,IF($U44<1,1/$U44,IF((EJ$30-Voorblad!$F$37)/$U44-SUM($EE44:EI44)=1,1,0)))) -> 1 | EK44: =IF(EK$30-Voorblad!$F$37>Voorblad!$K$37,0,IF($U44=0,0,IF($U44<1,1/$U44,IF((EK$30-Voorblad!$F$37)/$U44-SUM($EE44:EJ44)=1,1,0)))) -> 1 | EL44: =IF(EL$30-Voorblad!$F$37>Voorblad!$K$37,0,IF($U44=0,0,IF($U44<1,1/$U44,IF((EL$30-Voorblad!$F$37)/$U44-SUM($EE44:EK44)=1,1,0)))) -> 1 | EM44: =IF(EM$30-Voorblad!$F$37>Voorblad!$K$37,0,IF($U44=0,0,IF($U44<1,1/$U44,IF((EM$30-Voorblad!$F$37)/$U44-SUM($EE44:EL44)=1,1,0)))) -> 1 | ... IB44: =IF(IB$30-Voorblad!$F$37>Voorblad!$K$37,0,IF($U44=0,0,IF($U44<1,1/$U44,IF((IB$30-Voorblad!$F$37)/$U44-SUM($EE44:IA44)=1,1,0)))) -> 0
D45: 8 | Q45: 1 | R45: post | T45: =Q45*S45 -> 0 | U45: 1 | W45: =Voorblad!K58 -> 0 | Y45: =SUM(AE45:EB45) -> 0 | AC45: =$Y45*(Voorblad!$K$44*(1+Voorblad!$K$44)^Voorblad!$K$37)/((1+Voorblad!$K$44)^Voorblad!$K$37-1) -> 0 | AE45: =IF($W45=AE$30,EF45*($Q45*$S45)/(1+Voorblad!$K$44)^(AE$30-Voorblad!$F$37),0) -> 0 | AF45: =IF($W45=AF$30,EG45*($Q45*$S45)/(1+Voorblad!$K$44)^(AF$30-Voorblad!$F$37),0) -> 0 | AG45: =IF($W45=AG$30,EH45*($Q45*$S45)/(1+Voorblad!$K$44)^(AG$30-Voorblad!$F$37),0) -> 0 | AH45: =IF($W45=AH$30,EI45*($Q45*$S45)/(1+Voorblad!$K$44)^(AH$30-Voorblad!$F$37),0) -> 0 | AI45: =IF($W45=AI$30,EJ45*($Q45*$S45)/(1+Voorblad!$K$44)^(AI$30-Voorblad!$F$37),0) -> 0 | AJ45: =IF($W45=AJ$30,EK45*($Q45*$S45)/(1+Voorblad!$K$44)^(AJ$30-Voorblad!$F$37),0) -> 0 | AK45: =IF($W45=AK$30,EL45*($Q45*$S45)/(1+Voorblad!$K$44)^(AK$30-Voorblad!$F$37),0) -> 0 | AL45: =IF($W45=AL$30,EM45*($Q45*$S45)/(1+Voorblad!$K$44)^(AL$30-Voorblad!$F$37),0) -> 0 | ... EB45: =IF($W45=EB$30,IC45*($Q45*$S45)/(1+Voorblad!$K$44)^(EB$30-Voorblad!$F$37),0) -> 0 | EE45: 0 | EF45: =IF(EF$30-Voorblad!$F$37>Voorblad!$K$37,0,IF($U45=0,0,IF($U45<1,1/$U45,IF((EF$30-Voorblad!$F$37)/$U45-SUM($EE45:EE45)=1,1,0)))) -> 0 | EG45: =IF(EG$30-Voorblad!$F$37>Voorblad!$K$37,0,IF($U45=0,0,IF($U45<1,1/$U45,IF((EG$30-Voorblad!$F$37)/$U45-SUM($EE45:EF45)=1,1,0)))) -> 1 | EH45: =IF(EH$30-Voorblad!$F$37>Voorblad!$K$37,0,IF($U45=0,0,IF($U45<1,1/$U45,IF((EH$30-Voorblad!$F$37)/$U45-SUM($EE45:EG45)=1,1,0)))) -> 1 | EI45: =IF(EI$30-Voorblad!$F$37>Voorblad!$K$37,0,IF($U45=0,0,IF($U45<1,1/$U45,IF((EI$30-Voorblad!$F$37)/$U45-SUM($EE45:EH45)=1,1,0)))) -> 1 | EJ45: =IF(EJ$30-Voorblad!$F$37>Voorblad!$K$37,0,IF($U45=0,0,IF($U45<1,1/$U45,IF((EJ$30-Voorblad!$F$37)/$U45-SUM($EE45:EI45)=1,1,0)))) -> 1 | EK45: =IF(EK$30-Voorblad!$F$37>Voorblad!$K$37,0,IF($U45=0,0,IF($U45<1,1/$U45,IF((EK$30-Voorblad!$F$37)/$U45-SUM($EE45:EJ45)=1,1,0)))) -> 1 | EL45: =IF(EL$30-Voorblad!$F$37>Voorblad!$K$37,0,IF($U45=0,0,IF($U45<1,1/$U45,IF((EL$30-Voorblad!$F$37)/$U45-SUM($EE45:EK45)=1,1,0)))) -> 1 | EM45: =IF(EM$30-Voorblad!$F$37>Voorblad!$K$37,0,IF($U45=0,0,IF($U45<1,1/$U45,IF((EM$30-Voorblad!$F$37)/$U45-SUM($EE45:EL45)=1,1,0)))) -> 1 | ... IB45: =IF(IB$30-Voorblad!$F$37>Voorblad!$K$37,0,IF($U45=0,0,IF($U45<1,1/$U45,IF((IB$30-Voorblad!$F$37)/$U45-SUM($EE45:IA45)=1,1,0)))) -> 0
B46: 1 | C46: nee | D46: nvt | E46: nvt | F46: einde levensduur | I46: vv | K46: vervangingskosten (incl. sloop bestaand) | O46: bij PER DIRECTE vervanging komen de BHM te vervallen | P46: vervanging gehele duiker BxL | Q46: =11*(1.7+8+1.7) -> 125.4 | R46: m2 | S46: 8500 | T46: =Q46*S46 -> 1065900 | U46: 1 | V46: =Voorblad!F24+100 -> 2053 | W46: =Voorblad!K59 -> 2053 | Y46: =SUM(AE46:EB46) -> 0 | Z46: 2x52 | AA46: =2*52 -> 104 | AC46: =$Y46*(Voorblad!$K$44*(1+Voorblad!$K$44)^Voorblad!$K$37)/((1+Voorblad!$K$44)^Voorblad!$K$37-1) -> 0 | AE46: =IF($W46=AE$30,EF46*($Q46*$S46)/(1+Voorblad!$K$44)^(AE$30-Voorblad!$F$37),0) -> 0 | AF46: =IF($W46=AF$30,EG46*($Q46*$S46)/(1+Voorblad!$K$44)^(AF$30-Voorblad!$F$37),0) -> 0 | AG46: =IF($W46=AG$30,EH46*($Q46*$S46)/(1+Voorblad!$K$44)^(AG$30-Voorblad!$F$37),0) -> 0 | AH46: =IF($W46=AH$30,EI46*($Q46*$S46)/(1+Voorblad!$K$44)^(AH$30-Voorblad!$F$37),0) -> 0 | AI46: =IF($W46=AI$30,EJ46*($Q46*$S46)/(1+Voorblad!$K$44)^(AI$30-Voorblad!$F$37),0) -> 0 | AJ46: =IF($W46=AJ$30,EK46*($Q46*$S46)/(1+Voorblad!$K$44)^(AJ$30-Voorblad!$F$37),0) -> 0 | AK46: =IF($W46=AK$30,EL46*($Q46*$S46)/(1+Voorblad!$K$44)^(AK$30-Voorblad!$F$37),0) -> 0 | AL46: =IF($W46=AL$30,EM46*($Q46*$S46)/(1+Voorblad!$K$44)^(AL$30-Voorblad!$F$37),0) -> 0 | ... EB46: =IF($W46=EB$30,IC46*($Q46*$S46)/(1+Voorblad!$K$44)^(EB$30-Voorblad!$F$37),0) -> 0 | EE46: 0 | EF46: =IF(EF$30-Voorblad!$F$37>Voorblad!$K$37,0,IF($U46=0,0,IF($U46<1,1/$U46,IF((EF$30-Voorblad!$F$37)/$U46-SUM($EE46:EE46)=1,1,0)))) -> 0 | EG46: =IF(EG$30-Voorblad!$F$37>Voorblad!$K$37,0,IF($U46=0,0,IF($U46<1,1/$U46,IF((EG$30-Voorblad!$F$37)/$U46-SUM($EE46:EF46)=1,1,0)))) -> 1 | EH46: =IF(EH$30-Voorblad!$F$37>Voorblad!$K$37,0,IF($U46=0,0,IF($U46<1,1/$U46,IF((EH$30-Voorblad!$F$37)/$U46-SUM($EE46:EG46)=1,1,0)))) -> 1 | EI46: =IF(EI$30-Voorblad!$F$37>Voorblad!$K$37,0,IF($U46=0,0,IF($U46<1,1/$U46,IF((EI$30-Voorblad!$F$37)/$U46-SUM($EE46:EH46)=1,1,0)))) -> 1 | EJ46: =IF(EJ$30-Voorblad!$F$37>Voorblad!$K$37,0,IF($U46=0,0,IF($U46<1,1/$U46,IF((EJ$30-Voorblad!$F$37)/$U46-SUM($EE46:EI46)=1,1,0)))) -> 1 | EK46: =IF(EK$30-Voorblad!$F$37>Voorblad!$K$37,0,IF($U46=0,0,IF($U46<1,1/$U46,IF((EK$30-Voorblad!$F$37)/$U46-SUM($EE46:EJ46)=1,1,0)))) -> 1 | EL46: =IF(EL$30-Voorblad!$F$37>Voorblad!$K$37,0,IF($U46=0,0,IF($U46<1,1/$U46,IF((EL$30-Voorblad!$F$37)/$U46-SUM($EE46:EK46)=1,1,0)))) -> 1 | EM46: =IF(EM$30-Voorblad!$F$37>Voorblad!$K$37,0,IF($U46=0,0,IF($U46<1,1/$U46,IF((EM$30-Voorblad!$F$37)/$U46-SUM($EE46:EL46)=1,1,0)))) -> 1 | ... IB46: =IF(IB$30-Voorblad!$F$37>Voorblad!$K$37,0,IF($U46=0,0,IF($U46<1,1/$U46,IF((IB$30-Voorblad!$F$37)/$U46-SUM($EE46:IA46)=1,1,0)))) -> 0
B47: totaal beheersmaatregelen
B50: LANGETERMIJNPLAN (LTP)
B52: Maak keuze uit één van de onderstaande type kunstwerk en type onderbouw
B54: Kosten | F54: Thema | I54: Maat- | K54: Omschrijving | O54: Uitgangspunten | P54: Aanvullende informatie | Q54: hoev | R54: eenh. | S54: eenh.prijs | T54: kosten | U54: freq | V54: theor.einde | W54: uitvoering | Y54: Σ NCW | Z54: TVP | AA54: TVP duur | AC54: Equiv. | AE54: (Netto Contante) Waarde tabel | EE54: Onderwaterscherm wel/geen waarde
B55: cat. | I55: regel | V55: levensd | AC55: jaarlast
AE56: =Voorblad!F41 -> 2028 | AF56: =AE56+1 -> 2029 | AG56: =AF56+1 -> 2030 | AH56: =AG56+1 -> 2031 | AI56: =AH56+1 -> 2032 | AJ56: =AI56+1 -> 2033 | AK56: =AJ56+1 -> 2034 | AL56: =AK56+1 -> 2035 | AM56: =AL56+1 -> 2036 | ... EB56: =EA56+1 -> 2129 | EF56: =Voorblad!F41 -> 2028 | EG56: =EF56+1 -> 2029 | EH56: =EG56+1 -> 2030 | EI56: =EH56+1 -> 2031 | EJ56: =EI56+1 -> 2032 | EK56: =EJ56+1 -> 2033 | EL56: =EK56+1 -> 2034 | EM56: =EL56+1 -> 2035 | EN56: =EM56+1 -> 2036 | ... IB56: =IA56+1 -> 2128
B57: Stalen kunstwerk
B58: 3 | F58: waarborg functie | I58: insp | K58: uitvoeren risicoanalyses tbv PGO-contract (FMECA) | Q58: 0 | R58: post | S58: =$H$20*500 -> 885 | T58: =Q58*S58 -> 0 | U58: 5 | Y58: =SUM(AE58:EB58) -> 0 | AC58: =$Y58*(Voorblad!$K$44*(1+Voorblad!$K$44)^Voorblad!$K$41)/((1+Voorblad!$K$44)^Voorblad!$K$41-1) -> 0 | AE58: =EF58*($Q58*$S58)/(1+Voorblad!$K$44)^(AE$56-Voorblad!$F$41) -> 0 | AF58: =EG58*($Q58*$S58)/(1+Voorblad!$K$44)^(AF$56-Voorblad!$F$41) -> 0 | AG58: =EH58*($Q58*$S58)/(1+Voorblad!$K$44)^(AG$56-Voorblad!$F$41) -> 0 | AH58: =EI58*($Q58*$S58)/(1+Voorblad!$K$44)^(AH$56-Voorblad!$F$41) -> 0 | AI58: =EJ58*($Q58*$S58)/(1+Voorblad!$K$44)^(AI$56-Voorblad!$F$41) -> 0 | AJ58: =EK58*($Q58*$S58)/(1+Voorblad!$K$44)^(AJ$56-Voorblad!$F$41) -> 0 | AK58: =EL58*($Q58*$S58)/(1+Voorblad!$K$44)^(AK$56-Voorblad!$F$41) -> 0 | AL58: =EM58*($Q58*$S58)/(1+Voorblad!$K$44)^(AL$56-Voorblad!$F$41) -> 0 | ... EB58: =IC58*($Q58*$S58)/(1+Voorblad!$K$44)^(EB$56-Voorblad!$F$41) -> 0 | EE58: 0 | EF58: =IF(EF$56-Voorblad!$F$41>Voorblad!$K$41,0,IF($U58=0,0,IF($U58<1,1/$U58,IF((EF$56-Voorblad!$F$41)/$U58-SUM($EE58:EE58)=1,1,0)))) -> 0 | EG58: =IF(EG$56-Voorblad!$F$41>Voorblad!$K$41,0,IF($U58=0,0,IF($U58<1,1/$U58,IF((EG$56-Voorblad!$F$41)/$U58-SUM($EE58:EF58)=1,1,0)))) -> 0 | EH58: =IF(EH$56-Voorblad!$F$41>Voorblad!$K$41,0,IF($U58=0,0,IF($U58<1,1/$U58,IF((EH$56-Voorblad!$F$41)/$U58-SUM($EE58:EG58)=1,1,0)))) -> 0 | EI58: =IF(EI$56-Voorblad!$F$41>Voorblad!$K$41,0,IF($U58=0,0,IF($U58<1,1/$U58,IF((EI$56-Voorblad!$F$41)/$U58-SUM($EE58:EH58)=1,1,0)))) -> 0 | EJ58: =IF(EJ$56-Voorblad!$F$41>Voorblad!$K$41,0,IF($U58=0,0,IF($U58<1,1/$U58,IF((EJ$56-Voorblad!$F$41)/$U58-SUM($EE58:EI58)=1,1,0)))) -> 0 | EK58: =IF(EK$56-Voorblad!$F$41>Voorblad!$K$41,0,IF($U58=0,0,IF($U58<1,1/$U58,IF((EK$56-Voorblad!$F$41)/$U58-SUM($EE58:EJ58)=1,1,0)))) -> 1 | EL58: =IF(EL$56-Voorblad!$F$41>Voorblad!$K$41,0,IF($U58=0,0,IF($U58<1,1/$U58,IF((EL$56-Voorblad!$F$41)/$U58-SUM($EE58:EK58)=1,1,0)))) -> 0 | EM58: =IF(EM$56-Voorblad!$F$41>Voorblad!$K$41,0,IF($U58=0,0,IF($U58<1,1/$U58,IF((EM$56-Voorblad!$F$41)/$U58-SUM($EE58:EL58)=1,1,0)))) -> 0 | ... IB58: =IF(IB$56-Voorblad!$F$41>Voorblad!$K$41,0,IF($U58=0,0,IF($U58<1,1/$U58,IF((IB$56-Voorblad!$F$41)/$U58-SUM($EE58:IA58)=1,1,0)))) -> 0
B59: 3 | F59: waarborg functie | I59: ko | K59: schoonmaken staal oppervlak, graffiti, leksporen, aanslag | O59: over zichtoppervlak betonwerk | Q59: 0 | R59: m2 | S59: =$H$20*15 -> 26.55 | T59: =Q59*S59 -> 0 | U59: 10 | Y59: =SUM(AE59:EB59) -> 0 | AC59: =$Y59*(Voorblad!$K$44*(1+Voorblad!$K$44)^Voorblad!$K$41)/((1+Voorblad!$K$44)^Voorblad!$K$41-1) -> 0 | AE59: =EF59*($Q59*$S59)/(1+Voorblad!$K$44)^(AE$56-Voorblad!$F$41) -> 0 | AF59: =EG59*($Q59*$S59)/(1+Voorblad!$K$44)^(AF$56-Voorblad!$F$41) -> 0 | AG59: =EH59*($Q59*$S59)/(1+Voorblad!$K$44)^(AG$56-Voorblad!$F$41) -> 0 | AH59: =EI59*($Q59*$S59)/(1+Voorblad!$K$44)^(AH$56-Voorblad!$F$41) -> 0 | AI59: =EJ59*($Q59*$S59)/(1+Voorblad!$K$44)^(AI$56-Voorblad!$F$41) -> 0 | AJ59: =EK59*($Q59*$S59)/(1+Voorblad!$K$44)^(AJ$56-Voorblad!$F$41) -> 0 | AK59: =EL59*($Q59*$S59)/(1+Voorblad!$K$44)^(AK$56-Voorblad!$F$41) -> 0 | AL59: =EM59*($Q59*$S59)/(1+Voorblad!$K$44)^(AL$56-Voorblad!$F$41) -> 0 | ... EB59: =IC59*($Q59*$S59)/(1+Voorblad!$K$44)^(EB$56-Voorblad!$F$41) -> 0 | EE59: 0 | EF59: =IF(EF$56-Voorblad!$F$41>Voorblad!$K$41,0,IF($U59=0,0,IF($U59<1,1/$U59,IF((EF$56-Voorblad!$F$41)/$U59-SUM($EE59:EE59)=1,1,0)))) -> 0 | EG59: =IF(EG$56-Voorblad!$F$41>Voorblad!$K$41,0,IF($U59=0,0,IF($U59<1,1/$U59,IF((EG$56-Voorblad!$F$41)/$U59-SUM($EE59:EF59)=1,1,0)))) -> 0 | EH59: =IF(EH$56-Voorblad!$F$41>Voorblad!$K$41,0,IF($U59=0,0,IF($U59<1,1/$U59,IF((EH$56-Voorblad!$F$41)/$U59-SUM($EE59:EG59)=1,1,0)))) -> 0 | EI59: =IF(EI$56-Voorblad!$F$41>Voorblad!$K$41,0,IF($U59=0,0,IF($U59<1,1/$U59,IF((EI$56-Voorblad!$F$41)/$U59-SUM($EE59:EH59)=1,1,0)))) -> 0 | EJ59: =IF(EJ$56-Voorblad!$F$41>Voorblad!$K$41,0,IF($U59=0,0,IF($U59<1,1/$U59,IF((EJ$56-Voorblad!$F$41)/$U59-SUM($EE59:EI59)=1,1,0)))) -> 0 | EK59: =IF(EK$56-Voorblad!$F$41>Voorblad!$K$41,0,IF($U59=0,0,IF($U59<1,1/$U59,IF((EK$56-Voorblad!$F$41)/$U59-SUM($EE59:EJ59)=1,1,0)))) -> 0 | EL59: =IF(EL$56-Voorblad!$F$41>Voorblad!$K$41,0,IF($U59=0,0,IF($U59<1,1/$U59,IF((EL$56-Voorblad!$F$41)/$U59-SUM($EE59:EK59)=1,1,0)))) -> 0 | EM59: =IF(EM$56-Voorblad!$F$41>Voorblad!$K$41,0,IF($U59=0,0,IF($U59<1,1/$U59,IF((EM$56-Voorblad!$F$41)/$U59-SUM($EE59:EL59)=1,1,0)))) -> 0 | ... IB59: =IF(IB$56-Voorblad!$F$41>Voorblad!$K$41,0,IF($U59=0,0,IF($U59<1,1/$U59,IF((IB$56-Voorblad!$F$41)/$U59-SUM($EE59:IA59)=1,1,0)))) -> 0
B60: 3 | F60: waarborg functie | I60: ko | K60: aanbrengen anti-graffiti coating | Q60: 0 | R60: m2 | S60: =$H$20*20 -> 35.4 | T60: =Q60*S60 -> 0 | U60: 10 | Y60: =SUM(AE60:EB60) -> 0 | AC60: =$Y60*(Voorblad!$K$44*(1+Voorblad!$K$44)^Voorblad!$K$41)/((1+Voorblad!$K$44)^Voorblad!$K$41-1) -> 0 | AE60: =EF60*($Q60*$S60)/(1+Voorblad!$K$44)^(AE$56-Voorblad!$F$41) -> 0 | AF60: =EG60*($Q60*$S60)/(1+Voorblad!$K$44)^(AF$56-Voorblad!$F$41) -> 0 | AG60: =EH60*($Q60*$S60)/(1+Voorblad!$K$44)^(AG$56-Voorblad!$F$41) -> 0 | AH60: =EI60*($Q60*$S60)/(1+Voorblad!$K$44)^(AH$56-Voorblad!$F$41) -> 0 | AI60: =EJ60*($Q60*$S60)/(1+Voorblad!$K$44)^(AI$56-Voorblad!$F$41) -> 0 | AJ60: =EK60*($Q60*$S60)/(1+Voorblad!$K$44)^(AJ$56-Voorblad!$F$41) -> 0 | AK60: =EL60*($Q60*$S60)/(1+Voorblad!$K$44)^(AK$56-Voorblad!$F$41) -> 0 | AL60: =EM60*($Q60*$S60)/(1+Voorblad!$K$44)^(AL$56-Voorblad!$F$41) -> 0 | ... EB60: =IC60*($Q60*$S60)/(1+Voorblad!$K$44)^(EB$56-Voorblad!$F$41) -> 0 | EE60: 0 | EF60: =IF(EF$56-Voorblad!$F$41>Voorblad!$K$41,0,IF($U60=0,0,IF($U60<1,1/$U60,IF((EF$56-Voorblad!$F$41)/$U60-SUM($EE60:EE60)=1,1,0)))) -> 0 | EG60: =IF(EG$56-Voorblad!$F$41>Voorblad!$K$41,0,IF($U60=0,0,IF($U60<1,1/$U60,IF((EG$56-Voorblad!$F$41)/$U60-SUM($EE60:EF60)=1,1,0)))) -> 0 | EH60: =IF(EH$56-Voorblad!$F$41>Voorblad!$K$41,0,IF($U60=0,0,IF($U60<1,1/$U60,IF((EH$56-Voorblad!$F$41)/$U60-SUM($EE60:EG60)=1,1,0)))) -> 0 | EI60: =IF(EI$56-Voorblad!$F$41>Voorblad!$K$41,0,IF($U60=0,0,IF($U60<1,1/$U60,IF((EI$56-Voorblad!$F$41)/$U60-SUM($EE60:EH60)=1,1,0)))) -> 0 | EJ60: =IF(EJ$56-Voorblad!$F$41>Voorblad!$K$41,0,IF($U60=0,0,IF($U60<1,1/$U60,IF((EJ$56-Voorblad!$F$41)/$U60-SUM($EE60:EI60)=1,1,0)))) -> 0 | EK60: =IF(EK$56-Voorblad!$F$41>Voorblad!$K$41,0,IF($U60=0,0,IF($U60<1,1/$U60,IF((EK$56-Voorblad!$F$41)/$U60-SUM($EE60:EJ60)=1,1,0)))) -> 0 | EL60: =IF(EL$56-Voorblad!$F$41>Voorblad!$K$41,0,IF($U60=0,0,IF($U60<1,1/$U60,IF((EL$56-Voorblad!$F$41)/$U60-SUM($EE60:EK60)=1,1,0)))) -> 0 | EM60: =IF(EM$56-Voorblad!$F$41>Voorblad!$K$41,0,IF($U60=0,0,IF($U60<1,1/$U60,IF((EM$56-Voorblad!$F$41)/$U60-SUM($EE60:EL60)=1,1,0)))) -> 0 | ... IB60: =IF(IB$56-Voorblad!$F$41>Voorblad!$K$41,0,IF($U60=0,0,IF($U60<1,1/$U60,IF((IB$56-Voorblad!$F$41)/$U60-SUM($EE60:IA60)=1,1,0)))) -> 0
B61: 3 | F61: waarborg functie | I61: ko | K61: schoonmaken voegovergangen rijdek-baan (kortcyclisch onderhoud) | Q61: 0 | R61: m1 | S61: =$H$20*15 -> 26.55 | T61: =Q61*S61 -> 0 | U61: 0.5 | Y61: =SUM(AE61:EB61) -> 0 | AC61: =$Y61*(Voorblad!$K$44*(1+Voorblad!$K$44)^Voorblad!$K$41)/((1+Voorblad!$K$44)^Voorblad!$K$41-1) -> 0 | AE61: =EF61*($Q61*$S61)/(1+Voorblad!$K$44)^(AE$56-Voorblad!$F$41) -> 0 | AF61: =EG61*($Q61*$S61)/(1+Voorblad!$K$44)^(AF$56-Voorblad!$F$41) -> 0 | AG61: =EH61*($Q61*$S61)/(1+Voorblad!$K$44)^(AG$56-Voorblad!$F$41) -> 0 | AH61: =EI61*($Q61*$S61)/(1+Voorblad!$K$44)^(AH$56-Voorblad!$F$41) -> 0 | AI61: =EJ61*($Q61*$S61)/(1+Voorblad!$K$44)^(AI$56-Voorblad!$F$41) -> 0 | AJ61: =EK61*($Q61*$S61)/(1+Voorblad!$K$44)^(AJ$56-Voorblad!$F$41) -> 0 | AK61: =EL61*($Q61*$S61)/(1+Voorblad!$K$44)^(AK$56-Voorblad!$F$41) -> 0 | AL61: =EM61*($Q61*$S61)/(1+Voorblad!$K$44)^(AL$56-Voorblad!$F$41) -> 0 | ... EB61: =IC61*($Q61*$S61)/(1+Voorblad!$K$44)^(EB$56-Voorblad!$F$41) -> 0 | EE61: 0 | EF61: =IF(EF$56-Voorblad!$F$41>Voorblad!$K$41,0,IF($U61=0,0,IF($U61<1,1/$U61,IF((EF$56-Voorblad!$F$41)/$U61-SUM($EE61:EE61)=1,1,0)))) -> 2 | EG61: =IF(EG$56-Voorblad!$F$41>Voorblad!$K$41,0,IF($U61=0,0,IF($U61<1,1/$U61,IF((EG$56-Voorblad!$F$41)/$U61-SUM($EE61:EF61)=1,1,0)))) -> 2 | EH61: =IF(EH$56-Voorblad!$F$41>Voorblad!$K$41,0,IF($U61=0,0,IF($U61<1,1/$U61,IF((EH$56-Voorblad!$F$41)/$U61-SUM($EE61:EG61)=1,1,0)))) -> 2 | EI61: =IF(EI$56-Voorblad!$F$41>Voorblad!$K$41,0,IF($U61=0,0,IF($U61<1,1/$U61,IF((EI$56-Voorblad!$F$41)/$U61-SUM($EE61:EH61)=1,1,0)))) -> 2 | EJ61: =IF(EJ$56-Voorblad!$F$41>Voorblad!$K$41,0,IF($U61=0,0,IF($U61<1,1/$U61,IF((EJ$56-Voorblad!$F$41)/$U61-SUM($EE61:EI61)=1,1,0)))) -> 2 | EK61: =IF(EK$56-Voorblad!$F$41>Voorblad!$K$41,0,IF($U61=0,0,IF($U61<1,1/$U61,IF((EK$56-Voorblad!$F$41)/$U61-SUM($EE61:EJ61)=1,1,0)))) -> 2 | EL61: =IF(EL$56-Voorblad!$F$41>Voorblad!$K$41,0,IF($U61=0,0,IF($U61<1,1/$U61,IF((EL$56-Voorblad!$F$41)/$U61-SUM($EE61:EK61)=1,1,0)))) -> 2 | EM61: =IF(EM$56-Voorblad!$F$41>Voorblad!$K$41,0,IF($U61=0,0,IF($U61<1,1/$U61,IF((EM$56-Voorblad!$F$41)/$U61-SUM($EE61:EL61)=1,1,0)))) -> 2 | ... IB61: =IF(IB$56-Voorblad!$F$41>Voorblad!$K$41,0,IF($U61=0,0,IF($U61<1,1/$U61,IF((IB$56-Voorblad!$F$41)/$U61-SUM($EE61:IA61)=1,1,0)))) -> 0
B62: 3 | F62: waarborg functie | I62: ko | K62: herstel gebreken kunstwerk (incl. leuning, kabelkoker), roest-, aanrijschade e.d. | P62: aanname eenh.prijs per m1 kw per spoor | Q62: 0 | R62: m1 kw/sp | S62: =$H$20*1000 -> 1770 | T62: =Q62*S62 -> 0 | U62: 10 | Y62: =SUM(AE62:EB62) -> 0 | AC62: =$Y62*(Voorblad!$K$44*(1+Voorblad!$K$44)^Voorblad!$K$41)/((1+Voorblad!$K$44)^Voorblad!$K$41-1) -> 0 | AE62: =EF62*($Q62*$S62)/(1+Voorblad!$K$44)^(AE$56-Voorblad!$F$41) -> 0 | AF62: =EG62*($Q62*$S62)/(1+Voorblad!$K$44)^(AF$56-Voorblad!$F$41) -> 0 | AG62: =EH62*($Q62*$S62)/(1+Voorblad!$K$44)^(AG$56-Voorblad!$F$41) -> 0 | AH62: =EI62*($Q62*$S62)/(1+Voorblad!$K$44)^(AH$56-Voorblad!$F$41) -> 0 | AI62: =EJ62*($Q62*$S62)/(1+Voorblad!$K$44)^(AI$56-Voorblad!$F$41) -> 0 | AJ62: =EK62*($Q62*$S62)/(1+Voorblad!$K$44)^(AJ$56-Voorblad!$F$41) -> 0 | AK62: =EL62*($Q62*$S62)/(1+Voorblad!$K$44)^(AK$56-Voorblad!$F$41) -> 0 | AL62: =EM62*($Q62*$S62)/(1+Voorblad!$K$44)^(AL$56-Voorblad!$F$41) -> 0 | ... EB62: =IC62*($Q62*$S62)/(1+Voorblad!$K$44)^(EB$56-Voorblad!$F$41) -> 0 | EE62: 0 | EF62: =IF(EF$56-Voorblad!$F$41>Voorblad!$K$41,0,IF($U62=0,0,IF($U62<1,1/$U62,IF((EF$56-Voorblad!$F$41)/$U62-SUM($EE62:EE62)=1,1,0)))) -> 0 | EG62: =IF(EG$56-Voorblad!$F$41>Voorblad!$K$41,0,IF($U62=0,0,IF($U62<1,1/$U62,IF((EG$56-Voorblad!$F$41)/$U62-SUM($EE62:EF62)=1,1,0)))) -> 0 | EH62: =IF(EH$56-Voorblad!$F$41>Voorblad!$K$41,0,IF($U62=0,0,IF($U62<1,1/$U62,IF((EH$56-Voorblad!$F$41)/$U62-SUM($EE62:EG62)=1,1,0)))) -> 0 | EI62: =IF(EI$56-Voorblad!$F$41>Voorblad!$K$41,0,IF($U62=0,0,IF($U62<1,1/$U62,IF((EI$56-Voorblad!$F$41)/$U62-SUM($EE62:EH62)=1,1,0)))) -> 0 | EJ62: =IF(EJ$56-Voorblad!$F$41>Voorblad!$K$41,0,IF($U62=0,0,IF($U62<1,1/$U62,IF((EJ$56-Voorblad!$F$41)/$U62-SUM($EE62:EI62)=1,1,0)))) -> 0 | EK62: =IF(EK$56-Voorblad!$F$41>Voorblad!$K$41,0,IF($U62=0,0,IF($U62<1,1/$U62,IF((EK$56-Voorblad!$F$41)/$U62-SUM($EE62:EJ62)=1,1,0)))) -> 0 | EL62: =IF(EL$56-Voorblad!$F$41>Voorblad!$K$41,0,IF($U62=0,0,IF($U62<1,1/$U62,IF((EL$56-Voorblad!$F$41)/$U62-SUM($EE62:EK62)=1,1,0)))) -> 0 | EM62: =IF(EM$56-Voorblad!$F$41>Voorblad!$K$41,0,IF($U62=0,0,IF($U62<1,1/$U62,IF((EM$56-Voorblad!$F$41)/$U62-SUM($EE62:EL62)=1,1,0)))) -> 0 | ... IB62: =IF(IB$56-Voorblad!$F$41>Voorblad!$K$41,0,IF($U62=0,0,IF($U62<1,1/$U62,IF((IB$56-Voorblad!$F$41)/$U62-SUM($EE62:IA62)=1,1,0)))) -> 0
B63: 3 | F63: waarborg functie | I63: ko | K63: herstel kleine gebreken inspectiewagen | O63: incl. aandrijflijn | Q63: 0 | R63: post | S63: =$H$20*5000 -> 8850 | T63: =Q63*S63 -> 0 | U63: 15 | Y63: =SUM(AE63:EB63) -> 0 | AC63: =$Y63*(Voorblad!$K$44*(1+Voorblad!$K$44)^Voorblad!$K$41)/((1+Voorblad!$K$44)^Voorblad!$K$41-1) -> 0 | AE63: =EF63*($Q63*$S63)/(1+Voorblad!$K$44)^(AE$56-Voorblad!$F$41) -> 0 | AF63: =EG63*($Q63*$S63)/(1+Voorblad!$K$44)^(AF$56-Voorblad!$F$41) -> 0 | AG63: =EH63*($Q63*$S63)/(1+Voorblad!$K$44)^(AG$56-Voorblad!$F$41) -> 0 | AH63: =EI63*($Q63*$S63)/(1+Voorblad!$K$44)^(AH$56-Voorblad!$F$41) -> 0 | AI63: =EJ63*($Q63*$S63)/(1+Voorblad!$K$44)^(AI$56-Voorblad!$F$41) -> 0 | AJ63: =EK63*($Q63*$S63)/(1+Voorblad!$K$44)^(AJ$56-Voorblad!$F$41) -> 0 | AK63: =EL63*($Q63*$S63)/(1+Voorblad!$K$44)^(AK$56-Voorblad!$F$41) -> 0 | AL63: =EM63*($Q63*$S63)/(1+Voorblad!$K$44)^(AL$56-Voorblad!$F$41) -> 0 | ... EB63: =IC63*($Q63*$S63)/(1+Voorblad!$K$44)^(EB$56-Voorblad!$F$41) -> 0 | EE63: 0 | EF63: =IF(EF$56-Voorblad!$F$41>Voorblad!$K$41,0,IF($U63=0,0,IF($U63<1,1/$U63,IF((EF$56-Voorblad!$F$41)/$U63-SUM($EE63:EE63)=1,1,0)))) -> 0 | EG63: =IF(EG$56-Voorblad!$F$41>Voorblad!$K$41,0,IF($U63=0,0,IF($U63<1,1/$U63,IF((EG$56-Voorblad!$F$41)/$U63-SUM($EE63:EF63)=1,1,0)))) -> 0 | EH63: =IF(EH$56-Voorblad!$F$41>Voorblad!$K$41,0,IF($U63=0,0,IF($U63<1,1/$U63,IF((EH$56-Voorblad!$F$41)/$U63-SUM($EE63:EG63)=1,1,0)))) -> 0 | EI63: =IF(EI$56-Voorblad!$F$41>Voorblad!$K$41,0,IF($U63=0,0,IF($U63<1,1/$U63,IF((EI$56-Voorblad!$F$41)/$U63-SUM($EE63:EH63)=1,1,0)))) -> 0 | EJ63: =IF(EJ$56-Voorblad!$F$41>Voorblad!$K$41,0,IF($U63=0,0,IF($U63<1,1/$U63,IF((EJ$56-Voorblad!$F$41)/$U63-SUM($EE63:EI63)=1,1,0)))) -> 0 | EK63: =IF(EK$56-Voorblad!$F$41>Voorblad!$K$41,0,IF($U63=0,0,IF($U63<1,1/$U63,IF((EK$56-Voorblad!$F$41)/$U63-SUM($EE63:EJ63)=1,1,0)))) -> 0 | EL63: =IF(EL$56-Voorblad!$F$41>Voorblad!$K$41,0,IF($U63=0,0,IF($U63<1,1/$U63,IF((EL$56-Voorblad!$F$41)/$U63-SUM($EE63:EK63)=1,1,0)))) -> 0 | EM63: =IF(EM$56-Voorblad!$F$41>Voorblad!$K$41,0,IF($U63=0,0,IF($U63<1,1/$U63,IF((EM$56-Voorblad!$F$41)/$U63-SUM($EE63:EL63)=1,1,0)))) -> 0 | ... IB63: =IF(IB$56-Voorblad!$F$41>Voorblad!$K$41,0,IF($U63=0,0,IF($U63<1,1/$U63,IF((IB$56-Voorblad!$F$41)/$U63-SUM($EE63:IA63)=1,1,0)))) -> 0
B64: 3 | F64: waarborg functie | I64: ko | K64: herstel kleine gebreken PV-bordes (roosters + draagbalken) | O64: obv 2,5% schade aan oppervlak | P64: voer in: 2,5% x oppervlak | Q64: 0 | R64: m2 | S64: =$H$20*2000 -> 3540 | T64: =Q64*S64 -> 0 | U64: 15 | Y64: =SUM(AE64:EB64) -> 0 | AC64: =$Y64*(Voorblad!$K$44*(1+Voorblad!$K$44)^Voorblad!$K$41)/((1+Voorblad!$K$44)^Voorblad!$K$41-1) -> 0 | AE64: =EF64*($Q64*$S64)/(1+Voorblad!$K$44)^(AE$56-Voorblad!$F$41) -> 0 | AF64: =EG64*($Q64*$S64)/(1+Voorblad!$K$44)^(AF$56-Voorblad!$F$41) -> 0 | AG64: =EH64*($Q64*$S64)/(1+Voorblad!$K$44)^(AG$56-Voorblad!$F$41) -> 0 | AH64: =EI64*($Q64*$S64)/(1+Voorblad!$K$44)^(AH$56-Voorblad!$F$41) -> 0 | AI64: =EJ64*($Q64*$S64)/(1+Voorblad!$K$44)^(AI$56-Voorblad!$F$41) -> 0 | AJ64: =EK64*($Q64*$S64)/(1+Voorblad!$K$44)^(AJ$56-Voorblad!$F$41) -> 0 | AK64: =EL64*($Q64*$S64)/(1+Voorblad!$K$44)^(AK$56-Voorblad!$F$41) -> 0 | AL64: =EM64*($Q64*$S64)/(1+Voorblad!$K$44)^(AL$56-Voorblad!$F$41) -> 0 | ... EB64: =IC64*($Q64*$S64)/(1+Voorblad!$K$44)^(EB$56-Voorblad!$F$41) -> 0 | EE64: 0 | EF64: =IF(EF$56-Voorblad!$F$41>Voorblad!$K$41,0,IF($U64=0,0,IF($U64<1,1/$U64,IF((EF$56-Voorblad!$F$41)/$U64-SUM($EE64:EE64)=1,1,0)))) -> 0 | EG64: =IF(EG$56-Voorblad!$F$41>Voorblad!$K$41,0,IF($U64=0,0,IF($U64<1,1/$U64,IF((EG$56-Voorblad!$F$41)/$U64-SUM($EE64:EF64)=1,1,0)))) -> 0 | EH64: =IF(EH$56-Voorblad!$F$41>Voorblad!$K$41,0,IF($U64=0,0,IF($U64<1,1/$U64,IF((EH$56-Voorblad!$F$41)/$U64-SUM($EE64:EG64)=1,1,0)))) -> 0 | EI64: =IF(EI$56-Voorblad!$F$41>Voorblad!$K$41,0,IF($U64=0,0,IF($U64<1,1/$U64,IF((EI$56-Voorblad!$F$41)/$U64-SUM($EE64:EH64)=1,1,0)))) -> 0 | EJ64: =IF(EJ$56-Voorblad!$F$41>Voorblad!$K$41,0,IF($U64=0,0,IF($U64<1,1/$U64,IF((EJ$56-Voorblad!$F$41)/$U64-SUM($EE64:EI64)=1,1,0)))) -> 0 | EK64: =IF(EK$56-Voorblad!$F$41>Voorblad!$K$41,0,IF($U64=0,0,IF($U64<1,1/$U64,IF((EK$56-Voorblad!$F$41)/$U64-SUM($EE64:EJ64)=1,1,0)))) -> 0 | EL64: =IF(EL$56-Voorblad!$F$41>Voorblad!$K$41,0,IF($U64=0,0,IF($U64<1,1/$U64,IF((EL$56-Voorblad!$F$41)/$U64-SUM($EE64:EK64)=1,1,0)))) -> 0 | EM64: =IF(EM$56-Voorblad!$F$41>Voorblad!$K$41,0,IF($U64=0,0,IF($U64<1,1/$U64,IF((EM$56-Voorblad!$F$41)/$U64-SUM($EE64:EL64)=1,1,0)))) -> 0 | ... IB64: =IF(IB$56-Voorblad!$F$41>Voorblad!$K$41,0,IF($U64=0,0,IF($U64<1,1/$U64,IF((IB$56-Voorblad!$F$41)/$U64-SUM($EE64:IA64)=1,1,0)))) -> 0
B65: 3 | F65: waarborg functie | I65: ko | K65: herstel kleine gebreken leuning | O65: obv 2,5% schade aan lengte | P65: voer in: 2,5% x lengte | Q65: 0 | R65: m1 | S65: =$H$20*500 -> 885 | T65: =Q65*S65 -> 0 | U65: 15 | Y65: =SUM(AE65:EB65) -> 0 | AC65: =$Y65*(Voorblad!$K$44*(1+Voorblad!$K$44)^Voorblad!$K$41)/((1+Voorblad!$K$44)^Voorblad!$K$41-1) -> 0 | AE65: =EF65*($Q65*$S65)/(1+Voorblad!$K$44)^(AE$56-Voorblad!$F$41) -> 0 | AF65: =EG65*($Q65*$S65)/(1+Voorblad!$K$44)^(AF$56-Voorblad!$F$41) -> 0 | AG65: =EH65*($Q65*$S65)/(1+Voorblad!$K$44)^(AG$56-Voorblad!$F$41) -> 0 | AH65: =EI65*($Q65*$S65)/(1+Voorblad!$K$44)^(AH$56-Voorblad!$F$41) -> 0 | AI65: =EJ65*($Q65*$S65)/(1+Voorblad!$K$44)^(AI$56-Voorblad!$F$41) -> 0 | AJ65: =EK65*($Q65*$S65)/(1+Voorblad!$K$44)^(AJ$56-Voorblad!$F$41) -> 0 | AK65: =EL65*($Q65*$S65)/(1+Voorblad!$K$44)^(AK$56-Voorblad!$F$41) -> 0 | AL65: =EM65*($Q65*$S65)/(1+Voorblad!$K$44)^(AL$56-Voorblad!$F$41) -> 0 | ... EB65: =IC65*($Q65*$S65)/(1+Voorblad!$K$44)^(EB$56-Voorblad!$F$41) -> 0 | EE65: 0 | EF65: =IF(EF$56-Voorblad!$F$41>Voorblad!$K$41,0,IF($U65=0,0,IF($U65<1,1/$U65,IF((EF$56-Voorblad!$F$41)/$U65-SUM($EE65:EE65)=1,1,0)))) -> 0 | EG65: =IF(EG$56-Voorblad!$F$41>Voorblad!$K$41,0,IF($U65=0,0,IF($U65<1,1/$U65,IF((EG$56-Voorblad!$F$41)/$U65-SUM($EE65:EF65)=1,1,0)))) -> 0 | EH65: =IF(EH$56-Voorblad!$F$41>Voorblad!$K$41,0,IF($U65=0,0,IF($U65<1,1/$U65,IF((EH$56-Voorblad!$F$41)/$U65-SUM($EE65:EG65)=1,1,0)))) -> 0 | EI65: =IF(EI$56-Voorblad!$F$41>Voorblad!$K$41,0,IF($U65=0,0,IF($U65<1,1/$U65,IF((EI$56-Voorblad!$F$41)/$U65-SUM($EE65:EH65)=1,1,0)))) -> 0 | EJ65: =IF(EJ$56-Voorblad!$F$41>Voorblad!$K$41,0,IF($U65=0,0,IF($U65<1,1/$U65,IF((EJ$56-Voorblad!$F$41)/$U65-SUM($EE65:EI65)=1,1,0)))) -> 0 | EK65: =IF(EK$56-Voorblad!$F$41>Voorblad!$K$41,0,IF($U65=0,0,IF($U65<1,1/$U65,IF((EK$56-Voorblad!$F$41)/$U65-SUM($EE65:EJ65)=1,1,0)))) -> 0 | EL65: =IF(EL$56-Voorblad!$F$41>Voorblad!$K$41,0,IF($U65=0,0,IF($U65<1,1/$U65,IF((EL$56-Voorblad!$F$41)/$U65-SUM($EE65:EK65)=1,1,0)))) -> 0 | EM65: =IF(EM$56-Voorblad!$F$41>Voorblad!$K$41,0,IF($U65=0,0,IF($U65<1,1/$U65,IF((EM$56-Voorblad!$F$41)/$U65-SUM($EE65:EL65)=1,1,0)))) -> 0 | ... IB65: =IF(IB$56-Voorblad!$F$41>Voorblad!$K$41,0,IF($U65=0,0,IF($U65<1,1/$U65,IF((IB$56-Voorblad!$F$41)/$U65-SUM($EE65:IA65)=1,1,0)))) -> 0
B66: 3 | F66: waarborg functie | I66: ko | K66: herstel kleine gebreken kabelkoker | O66: obv 2,5% schade aan lengte | P66: voer in: 2,5% x lengte | Q66: 0 | R66: m1 | S66: =$H$20*500 -> 885 | T66: =Q66*S66 -> 0 | U66: 15 | Y66: =SUM(AE66:EB66) -> 0 | AC66: =$Y66*(Voorblad!$K$44*(1+Voorblad!$K$44)^Voorblad!$K$41)/((1+Voorblad!$K$44)^Voorblad!$K$41-1) -> 0 | AE66: =EF66*($Q66*$S66)/(1+Voorblad!$K$44)^(AE$56-Voorblad!$F$41) -> 0 | AF66: =EG66*($Q66*$S66)/(1+Voorblad!$K$44)^(AF$56-Voorblad!$F$41) -> 0 | AG66: =EH66*($Q66*$S66)/(1+Voorblad!$K$44)^(AG$56-Voorblad!$F$41) -> 0 | AH66: =EI66*($Q66*$S66)/(1+Voorblad!$K$44)^(AH$56-Voorblad!$F$41) -> 0 | AI66: =EJ66*($Q66*$S66)/(1+Voorblad!$K$44)^(AI$56-Voorblad!$F$41) -> 0 | AJ66: =EK66*($Q66*$S66)/(1+Voorblad!$K$44)^(AJ$56-Voorblad!$F$41) -> 0 | AK66: =EL66*($Q66*$S66)/(1+Voorblad!$K$44)^(AK$56-Voorblad!$F$41) -> 0 | AL66: =EM66*($Q66*$S66)/(1+Voorblad!$K$44)^(AL$56-Voorblad!$F$41) -> 0 | ... EB66: =IC66*($Q66*$S66)/(1+Voorblad!$K$44)^(EB$56-Voorblad!$F$41) -> 0 | EE66: 0 | EF66: =IF(EF$56-Voorblad!$F$41>Voorblad!$K$41,0,IF($U66=0,0,IF($U66<1,1/$U66,IF((EF$56-Voorblad!$F$41)/$U66-SUM($EE66:EE66)=1,1,0)))) -> 0 | EG66: =IF(EG$56-Voorblad!$F$41>Voorblad!$K$41,0,IF($U66=0,0,IF($U66<1,1/$U66,IF((EG$56-Voorblad!$F$41)/$U66-SUM($EE66:EF66)=1,1,0)))) -> 0 | EH66: =IF(EH$56-Voorblad!$F$41>Voorblad!$K$41,0,IF($U66=0,0,IF($U66<1,1/$U66,IF((EH$56-Voorblad!$F$41)/$U66-SUM($EE66:EG66)=1,1,0)))) -> 0 | EI66: =IF(EI$56-Voorblad!$F$41>Voorblad!$K$41,0,IF($U66=0,0,IF($U66<1,1/$U66,IF((EI$56-Voorblad!$F$41)/$U66-SUM($EE66:EH66)=1,1,0)))) -> 0 | EJ66: =IF(EJ$56-Voorblad!$F$41>Voorblad!$K$41,0,IF($U66=0,0,IF($U66<1,1/$U66,IF((EJ$56-Voorblad!$F$41)/$U66-SUM($EE66:EI66)=1,1,0)))) -> 0 | EK66: =IF(EK$56-Voorblad!$F$41>Voorblad!$K$41,0,IF($U66=0,0,IF($U66<1,1/$U66,IF((EK$56-Voorblad!$F$41)/$U66-SUM($EE66:EJ66)=1,1,0)))) -> 0 | EL66: =IF(EL$56-Voorblad!$F$41>Voorblad!$K$41,0,IF($U66=0,0,IF($U66<1,1/$U66,IF((EL$56-Voorblad!$F$41)/$U66-SUM($EE66:EK66)=1,1,0)))) -> 0 | EM66: =IF(EM$56-Voorblad!$F$41>Voorblad!$K$41,0,IF($U66=0,0,IF($U66<1,1/$U66,IF((EM$56-Voorblad!$F$41)/$U66-SUM($EE66:EL66)=1,1,0)))) -> 0 | ... IB66: =IF(IB$56-Voorblad!$F$41>Voorblad!$K$41,0,IF($U66=0,0,IF($U66<1,1/$U66,IF((IB$56-Voorblad!$F$41)/$U66-SUM($EE66:IA66)=1,1,0)))) -> 0
B67: 3 | F67: waarborg functie | I67: ko | K67: herstel kleine gebreken geluidscherm (stijlen + panelen) | O67: obv 2,5% schade aan oppervlak (stijlen en/of panelen) | P67: voer in: 2,5% x oppervlak scherm | Q67: 0 | R67: m2 | S67: =$H$20*500 -> 885 | T67: =Q67*S67 -> 0 | U67: 15 | Y67: =SUM(AE67:EB67) -> 0 | AC67: =$Y67*(Voorblad!$K$44*(1+Voorblad!$K$44)^Voorblad!$K$41)/((1+Voorblad!$K$44)^Voorblad!$K$41-1) -> 0 | AE67: =EF67*($Q67*$S67)/(1+Voorblad!$K$44)^(AE$56-Voorblad!$F$41) -> 0 | AF67: =EG67*($Q67*$S67)/(1+Voorblad!$K$44)^(AF$56-Voorblad!$F$41) -> 0 | AG67: =EH67*($Q67*$S67)/(1+Voorblad!$K$44)^(AG$56-Voorblad!$F$41) -> 0 | AH67: =EI67*($Q67*$S67)/(1+Voorblad!$K$44)^(AH$56-Voorblad!$F$41) -> 0 | AI67: =EJ67*($Q67*$S67)/(1+Voorblad!$K$44)^(AI$56-Voorblad!$F$41) -> 0 | AJ67: =EK67*($Q67*$S67)/(1+Voorblad!$K$44)^(AJ$56-Voorblad!$F$41) -> 0 | AK67: =EL67*($Q67*$S67)/(1+Voorblad!$K$44)^(AK$56-Voorblad!$F$41) -> 0 | AL67: =EM67*($Q67*$S67)/(1+Voorblad!$K$44)^(AL$56-Voorblad!$F$41) -> 0 | ... EB67: =IC67*($Q67*$S67)/(1+Voorblad!$K$44)^(EB$56-Voorblad!$F$41) -> 0 | EE67: 0 | EF67: =IF(EF$56-Voorblad!$F$41>Voorblad!$K$41,0,IF($U67=0,0,IF($U67<1,1/$U67,IF((EF$56-Voorblad!$F$41)/$U67-SUM($EE67:EE67)=1,1,0)))) -> 0 | EG67: =IF(EG$56-Voorblad!$F$41>Voorblad!$K$41,0,IF($U67=0,0,IF($U67<1,1/$U67,IF((EG$56-Voorblad!$F$41)/$U67-SUM($EE67:EF67)=1,1,0)))) -> 0 | EH67: =IF(EH$56-Voorblad!$F$41>Voorblad!$K$41,0,IF($U67=0,0,IF($U67<1,1/$U67,IF((EH$56-Voorblad!$F$41)/$U67-SUM($EE67:EG67)=1,1,0)))) -> 0 | EI67: =IF(EI$56-Voorblad!$F$41>Voorblad!$K$41,0,IF($U67=0,0,IF($U67<1,1/$U67,IF((EI$56-Voorblad!$F$41)/$U67-SUM($EE67:EH67)=1,1,0)))) -> 0 | EJ67: =IF(EJ$56-Voorblad!$F$41>Voorblad!$K$41,0,IF($U67=0,0,IF($U67<1,1/$U67,IF((EJ$56-Voorblad!$F$41)/$U67-SUM($EE67:EI67)=1,1,0)))) -> 0 | EK67: =IF(EK$56-Voorblad!$F$41>Voorblad!$K$41,0,IF($U67=0,0,IF($U67<1,1/$U67,IF((EK$56-Voorblad!$F$41)/$U67-SUM($EE67:EJ67)=1,1,0)))) -> 0 | EL67: =IF(EL$56-Voorblad!$F$41>Voorblad!$K$41,0,IF($U67=0,0,IF($U67<1,1/$U67,IF((EL$56-Voorblad!$F$41)/$U67-SUM($EE67:EK67)=1,1,0)))) -> 0 | EM67: =IF(EM$56-Voorblad!$F$41>Voorblad!$K$41,0,IF($U67=0,0,IF($U67<1,1/$U67,IF((EM$56-Voorblad!$F$41)/$U67-SUM($EE67:EL67)=1,1,0)))) -> 0 | ... IB67: =IF(IB$56-Voorblad!$F$41>Voorblad!$K$41,0,IF($U67=0,0,IF($U67<1,1/$U67,IF((IB$56-Voorblad!$F$41)/$U67-SUM($EE67:IA67)=1,1,0)))) -> 0
B68: 3 | F68: waarborg functie | I68: ko | K68: herstel conservering kunstwerk | O68: obv herstel 2,5% roestschade + overlagen | P68: obv opgave verfoppervlak paspoort | Q68: 0 | R68: m2 | S68: =$H$20*75 -> 132.75 | T68: =Q68*S68 -> 0 | U68: 15 | Y68: =SUM(AE68:EB68) -> 0 | AC68: =$Y68*(Voorblad!$K$44*(1+Voorblad!$K$44)^Voorblad!$K$41)/((1+Voorblad!$K$44)^Voorblad!$K$41-1) -> 0 | AE68: =EF68*($Q68*$S68)/(1+Voorblad!$K$44)^(AE$56-Voorblad!$F$41) -> 0 | AF68: =EG68*($Q68*$S68)/(1+Voorblad!$K$44)^(AF$56-Voorblad!$F$41) -> 0 | AG68: =EH68*($Q68*$S68)/(1+Voorblad!$K$44)^(AG$56-Voorblad!$F$41) -> 0 | AH68: =EI68*($Q68*$S68)/(1+Voorblad!$K$44)^(AH$56-Voorblad!$F$41) -> 0 | AI68: =EJ68*($Q68*$S68)/(1+Voorblad!$K$44)^(AI$56-Voorblad!$F$41) -> 0 | AJ68: =EK68*($Q68*$S68)/(1+Voorblad!$K$44)^(AJ$56-Voorblad!$F$41) -> 0 | AK68: =EL68*($Q68*$S68)/(1+Voorblad!$K$44)^(AK$56-Voorblad!$F$41) -> 0 | AL68: =EM68*($Q68*$S68)/(1+Voorblad!$K$44)^(AL$56-Voorblad!$F$41) -> 0 | ... EB68: =IC68*($Q68*$S68)/(1+Voorblad!$K$44)^(EB$56-Voorblad!$F$41) -> 0 | EE68: 0 | EF68: =IF(EF$56-Voorblad!$F$41>Voorblad!$K$41,0,IF($U68=0,0,IF($U68<1,1/$U68,IF((EF$56-Voorblad!$F$41)/$U68-SUM($EE68:EE68)=1,1,0)))) -> 0 | EG68: =IF(EG$56-Voorblad!$F$41>Voorblad!$K$41,0,IF($U68=0,0,IF($U68<1,1/$U68,IF((EG$56-Voorblad!$F$41)/$U68-SUM($EE68:EF68)=1,1,0)))) -> 0 | EH68: =IF(EH$56-Voorblad!$F$41>Voorblad!$K$41,0,IF($U68=0,0,IF($U68<1,1/$U68,IF((EH$56-Voorblad!$F$41)/$U68-SUM($EE68:EG68)=1,1,0)))) -> 0 | EI68: =IF(EI$56-Voorblad!$F$41>Voorblad!$K$41,0,IF($U68=0,0,IF($U68<1,1/$U68,IF((EI$56-Voorblad!$F$41)/$U68-SUM($EE68:EH68)=1,1,0)))) -> 0 | EJ68: =IF(EJ$56-Voorblad!$F$41>Voorblad!$K$41,0,IF($U68=0,0,IF($U68<1,1/$U68,IF((EJ$56-Voorblad!$F$41)/$U68-SUM($EE68:EI68)=1,1,0)))) -> 0 | EK68: =IF(EK$56-Voorblad!$F$41>Voorblad!$K$41,0,IF($U68=0,0,IF($U68<1,1/$U68,IF((EK$56-Voorblad!$F$41)/$U68-SUM($EE68:EJ68)=1,1,0)))) -> 0 | EL68: =IF(EL$56-Voorblad!$F$41>Voorblad!$K$41,0,IF($U68=0,0,IF($U68<1,1/$U68,IF((EL$56-Voorblad!$F$41)/$U68-SUM($EE68:EK68)=1,1,0)))) -> 0 | EM68: =IF(EM$56-Voorblad!$F$41>Voorblad!$K$41,0,IF($U68=0,0,IF($U68<1,1/$U68,IF((EM$56-Voorblad!$F$41)/$U68-SUM($EE68:EL68)=1,1,0)))) -> 0 | ... IB68: =IF(IB$56-Voorblad!$F$41>Voorblad!$K$41,0,IF($U68=0,0,IF($U68<1,1/$U68,IF((IB$56-Voorblad!$F$41)/$U68-SUM($EE68:IA68)=1,1,0)))) -> 0
B69: 3 | F69: waarborg functie | I69: ko | K69: herstel conservering inspectiewagen | O69: obv herstel 2,5% roestschade + overlagen | P69: prijs obv 2,0 m2 per m1 inspectiewagen | Q69: 0 | R69: m1 | S69: =$H$20*2*100 -> 354 | T69: =Q69*S69 -> 0 | U69: 15 | Y69: =SUM(AE69:EB69) -> 0 | AC69: =$Y69*(Voorblad!$K$44*(1+Voorblad!$K$44)^Voorblad!$K$41)/((1+Voorblad!$K$44)^Voorblad!$K$41-1) -> 0 | AE69: =EF69*($Q69*$S69)/(1+Voorblad!$K$44)^(AE$56-Voorblad!$F$41) -> 0 | AF69: =EG69*($Q69*$S69)/(1+Voorblad!$K$44)^(AF$56-Voorblad!$F$41) -> 0 | AG69: =EH69*($Q69*$S69)/(1+Voorblad!$K$44)^(AG$56-Voorblad!$F$41) -> 0 | AH69: =EI69*($Q69*$S69)/(1+Voorblad!$K$44)^(AH$56-Voorblad!$F$41) -> 0 | AI69: =EJ69*($Q69*$S69)/(1+Voorblad!$K$44)^(AI$56-Voorblad!$F$41) -> 0 | AJ69: =EK69*($Q69*$S69)/(1+Voorblad!$K$44)^(AJ$56-Voorblad!$F$41) -> 0 | AK69: =EL69*($Q69*$S69)/(1+Voorblad!$K$44)^(AK$56-Voorblad!$F$41) -> 0 | AL69: =EM69*($Q69*$S69)/(1+Voorblad!$K$44)^(AL$56-Voorblad!$F$41) -> 0 | ... EB69: =IC69*($Q69*$S69)/(1+Voorblad!$K$44)^(EB$56-Voorblad!$F$41) -> 0 | EE69: 0 | EF69: =IF(EF$56-Voorblad!$F$41>Voorblad!$K$41,0,IF($U69=0,0,IF($U69<1,1/$U69,IF((EF$56-Voorblad!$F$41)/$U69-SUM($EE69:EE69)=1,1,0)))) -> 0 | EG69: =IF(EG$56-Voorblad!$F$41>Voorblad!$K$41,0,IF($U69=0,0,IF($U69<1,1/$U69,IF((EG$56-Voorblad!$F$41)/$U69-SUM($EE69:EF69)=1,1,0)))) -> 0 | EH69: =IF(EH$56-Voorblad!$F$41>Voorblad!$K$41,0,IF($U69=0,0,IF($U69<1,1/$U69,IF((EH$56-Voorblad!$F$41)/$U69-SUM($EE69:EG69)=1,1,0)))) -> 0 | EI69: =IF(EI$56-Voorblad!$F$41>Voorblad!$K$41,0,IF($U69=0,0,IF($U69<1,1/$U69,IF((EI$56-Voorblad!$F$41)/$U69-SUM($EE69:EH69)=1,1,0)))) -> 0 | EJ69: =IF(EJ$56-Voorblad!$F$41>Voorblad!$K$41,0,IF($U69=0,0,IF($U69<1,1/$U69,IF((EJ$56-Voorblad!$F$41)/$U69-SUM($EE69:EI69)=1,1,0)))) -> 0 | EK69: =IF(EK$56-Voorblad!$F$41>Voorblad!$K$41,0,IF($U69=0,0,IF($U69<1,1/$U69,IF((EK$56-Voorblad!$F$41)/$U69-SUM($EE69:EJ69)=1,1,0)))) -> 0 | EL69: =IF(EL$56-Voorblad!$F$41>Voorblad!$K$41,0,IF($U69=0,0,IF($U69<1,1/$U69,IF((EL$56-Voorblad!$F$41)/$U69-SUM($EE69:EK69)=1,1,0)))) -> 0 | EM69: =IF(EM$56-Voorblad!$F$41>Voorblad!$K$41,0,IF($U69=0,0,IF($U69<1,1/$U69,IF((EM$56-Voorblad!$F$41)/$U69-SUM($EE69:EL69)=1,1,0)))) -> 0 | ... IB69: =IF(IB$56-Voorblad!$F$41>Voorblad!$K$41,0,IF($U69=0,0,IF($U69<1,1/$U69,IF((IB$56-Voorblad!$F$41)/$U69-SUM($EE69:IA69)=1,1,0)))) -> 0
B70: 3 | F70: waarborg functie | I70: ko | K70: herstel conservering PV-bordes (roosters + draagbalken) | O70: obv herstel 2,5% roestschade + overlagen | P70: prijs obv 1,5 m2 per m2 bordesoppervlak | Q70: 0 | R70: m2 | S70: =$H$20*1.5*100 -> 265.5 | T70: =Q70*S70 -> 0 | U70: 15 | Y70: =SUM(AE70:EB70) -> 0 | AC70: =$Y70*(Voorblad!$K$44*(1+Voorblad!$K$44)^Voorblad!$K$41)/((1+Voorblad!$K$44)^Voorblad!$K$41-1) -> 0 | AE70: =EF70*($Q70*$S70)/(1+Voorblad!$K$44)^(AE$56-Voorblad!$F$41) -> 0 | AF70: =EG70*($Q70*$S70)/(1+Voorblad!$K$44)^(AF$56-Voorblad!$F$41) -> 0 | AG70: =EH70*($Q70*$S70)/(1+Voorblad!$K$44)^(AG$56-Voorblad!$F$41) -> 0 | AH70: =EI70*($Q70*$S70)/(1+Voorblad!$K$44)^(AH$56-Voorblad!$F$41) -> 0 | AI70: =EJ70*($Q70*$S70)/(1+Voorblad!$K$44)^(AI$56-Voorblad!$F$41) -> 0 | AJ70: =EK70*($Q70*$S70)/(1+Voorblad!$K$44)^(AJ$56-Voorblad!$F$41) -> 0 | AK70: =EL70*($Q70*$S70)/(1+Voorblad!$K$44)^(AK$56-Voorblad!$F$41) -> 0 | AL70: =EM70*($Q70*$S70)/(1+Voorblad!$K$44)^(AL$56-Voorblad!$F$41) -> 0 | ... EB70: =IC70*($Q70*$S70)/(1+Voorblad!$K$44)^(EB$56-Voorblad!$F$41) -> 0 | EE70: 0 | EF70: =IF(EF$56-Voorblad!$F$41>Voorblad!$K$41,0,IF($U70=0,0,IF($U70<1,1/$U70,IF((EF$56-Voorblad!$F$41)/$U70-SUM($EE70:EE70)=1,1,0)))) -> 0 | EG70: =IF(EG$56-Voorblad!$F$41>Voorblad!$K$41,0,IF($U70=0,0,IF($U70<1,1/$U70,IF((EG$56-Voorblad!$F$41)/$U70-SUM($EE70:EF70)=1,1,0)))) -> 0 | EH70: =IF(EH$56-Voorblad!$F$41>Voorblad!$K$41,0,IF($U70=0,0,IF($U70<1,1/$U70,IF((EH$56-Voorblad!$F$41)/$U70-SUM($EE70:EG70)=1,1,0)))) -> 0 | EI70: =IF(EI$56-Voorblad!$F$41>Voorblad!$K$41,0,IF($U70=0,0,IF($U70<1,1/$U70,IF((EI$56-Voorblad!$F$41)/$U70-SUM($EE70:EH70)=1,1,0)))) -> 0 | EJ70: =IF(EJ$56-Voorblad!$F$41>Voorblad!$K$41,0,IF($U70=0,0,IF($U70<1,1/$U70,IF((EJ$56-Voorblad!$F$41)/$U70-SUM($EE70:EI70)=1,1,0)))) -> 0 | EK70: =IF(EK$56-Voorblad!$F$41>Voorblad!$K$41,0,IF($U70=0,0,IF($U70<1,1/$U70,IF((EK$56-Voorblad!$F$41)/$U70-SUM($EE70:EJ70)=1,1,0)))) -> 0 | EL70: =IF(EL$56-Voorblad!$F$41>Voorblad!$K$41,0,IF($U70=0,0,IF($U70<1,1/$U70,IF((EL$56-Voorblad!$F$41)/$U70-SUM($EE70:EK70)=1,1,0)))) -> 0 | EM70: =IF(EM$56-Voorblad!$F$41>Voorblad!$K$41,0,IF($U70=0,0,IF($U70<1,1/$U70,IF((EM$56-Voorblad!$F$41)/$U70-SUM($EE70:EL70)=1,1,0)))) -> 0 | ... IB70: =IF(IB$56-Voorblad!$F$41>Voorblad!$K$41,0,IF($U70=0,0,IF($U70<1,1/$U70,IF((IB$56-Voorblad!$F$41)/$U70-SUM($EE70:IA70)=1,1,0)))) -> 0
B71: 3 | F71: waarborg functie | I71: ko | K71: herstel conservering leuning | O71: obv herstel 2,5% roestschade + overlagen | P71: prijs obv 1 m2 per m1 leuning | Q71: 0 | R71: m1 | S71: =$H$20*100 -> 177 | T71: =Q71*S71 -> 0 | U71: 15 | Y71: =SUM(AE71:EB71) -> 0 | AC71: =$Y71*(Voorblad!$K$44*(1+Voorblad!$K$44)^Voorblad!$K$41)/((1+Voorblad!$K$44)^Voorblad!$K$41-1) -> 0 | AE71: =EF71*($Q71*$S71)/(1+Voorblad!$K$44)^(AE$56-Voorblad!$F$41) -> 0 | AF71: =EG71*($Q71*$S71)/(1+Voorblad!$K$44)^(AF$56-Voorblad!$F$41) -> 0 | AG71: =EH71*($Q71*$S71)/(1+Voorblad!$K$44)^(AG$56-Voorblad!$F$41) -> 0 | AH71: =EI71*($Q71*$S71)/(1+Voorblad!$K$44)^(AH$56-Voorblad!$F$41) -> 0 | AI71: =EJ71*($Q71*$S71)/(1+Voorblad!$K$44)^(AI$56-Voorblad!$F$41) -> 0 | AJ71: =EK71*($Q71*$S71)/(1+Voorblad!$K$44)^(AJ$56-Voorblad!$F$41) -> 0 | AK71: =EL71*($Q71*$S71)/(1+Voorblad!$K$44)^(AK$56-Voorblad!$F$41) -> 0 | AL71: =EM71*($Q71*$S71)/(1+Voorblad!$K$44)^(AL$56-Voorblad!$F$41) -> 0 | ... EB71: =IC71*($Q71*$S71)/(1+Voorblad!$K$44)^(EB$56-Voorblad!$F$41) -> 0 | EE71: 0 | EF71: =IF(EF$56-Voorblad!$F$41>Voorblad!$K$41,0,IF($U71=0,0,IF($U71<1,1/$U71,IF((EF$56-Voorblad!$F$41)/$U71-SUM($EE71:EE71)=1,1,0)))) -> 0 | EG71: =IF(EG$56-Voorblad!$F$41>Voorblad!$K$41,0,IF($U71=0,0,IF($U71<1,1/$U71,IF((EG$56-Voorblad!$F$41)/$U71-SUM($EE71:EF71)=1,1,0)))) -> 0 | EH71: =IF(EH$56-Voorblad!$F$41>Voorblad!$K$41,0,IF($U71=0,0,IF($U71<1,1/$U71,IF((EH$56-Voorblad!$F$41)/$U71-SUM($EE71:EG71)=1,1,0)))) -> 0 | EI71: =IF(EI$56-Voorblad!$F$41>Voorblad!$K$41,0,IF($U71=0,0,IF($U71<1,1/$U71,IF((EI$56-Voorblad!$F$41)/$U71-SUM($EE71:EH71)=1,1,0)))) -> 0 | EJ71: =IF(EJ$56-Voorblad!$F$41>Voorblad!$K$41,0,IF($U71=0,0,IF($U71<1,1/$U71,IF((EJ$56-Voorblad!$F$41)/$U71-SUM($EE71:EI71)=1,1,0)))) -> 0 | EK71: =IF(EK$56-Voorblad!$F$41>Voorblad!$K$41,0,IF($U71=0,0,IF($U71<1,1/$U71,IF((EK$56-Voorblad!$F$41)/$U71-SUM($EE71:EJ71)=1,1,0)))) -> 0 | EL71: =IF(EL$56-Voorblad!$F$41>Voorblad!$K$41,0,IF($U71=0,0,IF($U71<1,1/$U71,IF((EL$56-Voorblad!$F$41)/$U71-SUM($EE71:EK71)=1,1,0)))) -> 0 | EM71: =IF(EM$56-Voorblad!$F$41>Voorblad!$K$41,0,IF($U71=0,0,IF($U71<1,1/$U71,IF((EM$56-Voorblad!$F$41)/$U71-SUM($EE71:EL71)=1,1,0)))) -> 0 | ... IB71: =IF(IB$56-Voorblad!$F$41>Voorblad!$K$41,0,IF($U71=0,0,IF($U71<1,1/$U71,IF((IB$56-Voorblad!$F$41)/$U71-SUM($EE71:IA71)=1,1,0)))) -> 0
B72: 3 | F72: waarborg functie | I72: ko | K72: herstel conservering kabelkoker | O72: obv herstel 2,5% roestschade + overlagen | P72: prijs obv 1 m2 per m1 kabelkoker | Q72: 0 | R72: m1 | S72: =$H$20*100 -> 177 | T72: =Q72*S72 -> 0 | U72: 15 | Y72: =SUM(AE72:EB72) -> 0 | AC72: =$Y72*(Voorblad!$K$44*(1+Voorblad!$K$44)^Voorblad!$K$41)/((1+Voorblad!$K$44)^Voorblad!$K$41-1) -> 0 | AE72: =EF72*($Q72*$S72)/(1+Voorblad!$K$44)^(AE$56-Voorblad!$F$41) -> 0 | AF72: =EG72*($Q72*$S72)/(1+Voorblad!$K$44)^(AF$56-Voorblad!$F$41) -> 0 | AG72: =EH72*($Q72*$S72)/(1+Voorblad!$K$44)^(AG$56-Voorblad!$F$41) -> 0 | AH72: =EI72*($Q72*$S72)/(1+Voorblad!$K$44)^(AH$56-Voorblad!$F$41) -> 0 | AI72: =EJ72*($Q72*$S72)/(1+Voorblad!$K$44)^(AI$56-Voorblad!$F$41) -> 0 | AJ72: =EK72*($Q72*$S72)/(1+Voorblad!$K$44)^(AJ$56-Voorblad!$F$41) -> 0 | AK72: =EL72*($Q72*$S72)/(1+Voorblad!$K$44)^(AK$56-Voorblad!$F$41) -> 0 | AL72: =EM72*($Q72*$S72)/(1+Voorblad!$K$44)^(AL$56-Voorblad!$F$41) -> 0 | ... EB72: =IC72*($Q72*$S72)/(1+Voorblad!$K$44)^(EB$56-Voorblad!$F$41) -> 0 | EE72: 0 | EF72: =IF(EF$56-Voorblad!$F$41>Voorblad!$K$41,0,IF($U72=0,0,IF($U72<1,1/$U72,IF((EF$56-Voorblad!$F$41)/$U72-SUM($EE72:EE72)=1,1,0)))) -> 0 | EG72: =IF(EG$56-Voorblad!$F$41>Voorblad!$K$41,0,IF($U72=0,0,IF($U72<1,1/$U72,IF((EG$56-Voorblad!$F$41)/$U72-SUM($EE72:EF72)=1,1,0)))) -> 0 | EH72: =IF(EH$56-Voorblad!$F$41>Voorblad!$K$41,0,IF($U72=0,0,IF($U72<1,1/$U72,IF((EH$56-Voorblad!$F$41)/$U72-SUM($EE72:EG72)=1,1,0)))) -> 0 | EI72: =IF(EI$56-Voorblad!$F$41>Voorblad!$K$41,0,IF($U72=0,0,IF($U72<1,1/$U72,IF((EI$56-Voorblad!$F$41)/$U72-SUM($EE72:EH72)=1,1,0)))) -> 0 | EJ72: =IF(EJ$56-Voorblad!$F$41>Voorblad!$K$41,0,IF($U72=0,0,IF($U72<1,1/$U72,IF((EJ$56-Voorblad!$F$41)/$U72-SUM($EE72:EI72)=1,1,0)))) -> 0 | EK72: =IF(EK$56-Voorblad!$F$41>Voorblad!$K$41,0,IF($U72=0,0,IF($U72<1,1/$U72,IF((EK$56-Voorblad!$F$41)/$U72-SUM($EE72:EJ72)=1,1,0)))) -> 0 | EL72: =IF(EL$56-Voorblad!$F$41>Voorblad!$K$41,0,IF($U72=0,0,IF($U72<1,1/$U72,IF((EL$56-Voorblad!$F$41)/$U72-SUM($EE72:EK72)=1,1,0)))) -> 0 | EM72: =IF(EM$56-Voorblad!$F$41>Voorblad!$K$41,0,IF($U72=0,0,IF($U72<1,1/$U72,IF((EM$56-Voorblad!$F$41)/$U72-SUM($EE72:EL72)=1,1,0)))) -> 0 | ... IB72: =IF(IB$56-Voorblad!$F$41>Voorblad!$K$41,0,IF($U72=0,0,IF($U72<1,1/$U72,IF((IB$56-Voorblad!$F$41)/$U72-SUM($EE72:IA72)=1,1,0)))) -> 0
B73: 3 | F73: waarborg functie | I73: ko | K73: herstel conservering geluidscherm (stijlen) | O73: obv herstel 2,5% roestschade + overlagen | P73: prijs obv 0,6 m2 per m2 schermoppervlak (stijlen hoh 2,0 m) | Q73: 0 | R73: m2 | S73: =$H$20*0.6*100 -> 106.2 | T73: =Q73*S73 -> 0 | U73: 15 | Y73: =SUM(AE73:EB73) -> 0 | AC73: =$Y73*(Voorblad!$K$44*(1+Voorblad!$K$44)^Voorblad!$K$41)/((1+Voorblad!$K$44)^Voorblad!$K$41-1) -> 0 | AE73: =EF73*($Q73*$S73)/(1+Voorblad!$K$44)^(AE$56-Voorblad!$F$41) -> 0 | AF73: =EG73*($Q73*$S73)/(1+Voorblad!$K$44)^(AF$56-Voorblad!$F$41) -> 0 | AG73: =EH73*($Q73*$S73)/(1+Voorblad!$K$44)^(AG$56-Voorblad!$F$41) -> 0 | AH73: =EI73*($Q73*$S73)/(1+Voorblad!$K$44)^(AH$56-Voorblad!$F$41) -> 0 | AI73: =EJ73*($Q73*$S73)/(1+Voorblad!$K$44)^(AI$56-Voorblad!$F$41) -> 0 | AJ73: =EK73*($Q73*$S73)/(1+Voorblad!$K$44)^(AJ$56-Voorblad!$F$41) -> 0 | AK73: =EL73*($Q73*$S73)/(1+Voorblad!$K$44)^(AK$56-Voorblad!$F$41) -> 0 | AL73: =EM73*($Q73*$S73)/(1+Voorblad!$K$44)^(AL$56-Voorblad!$F$41) -> 0 | ... EB73: =IC73*($Q73*$S73)/(1+Voorblad!$K$44)^(EB$56-Voorblad!$F$41) -> 0 | EE73: 0 | EF73: =IF(EF$56-Voorblad!$F$41>Voorblad!$K$41,0,IF($U73=0,0,IF($U73<1,1/$U73,IF((EF$56-Voorblad!$F$41)/$U73-SUM($EE73:EE73)=1,1,0)))) -> 0 | EG73: =IF(EG$56-Voorblad!$F$41>Voorblad!$K$41,0,IF($U73=0,0,IF($U73<1,1/$U73,IF((EG$56-Voorblad!$F$41)/$U73-SUM($EE73:EF73)=1,1,0)))) -> 0 | EH73: =IF(EH$56-Voorblad!$F$41>Voorblad!$K$41,0,IF($U73=0,0,IF($U73<1,1/$U73,IF((EH$56-Voorblad!$F$41)/$U73-SUM($EE73:EG73)=1,1,0)))) -> 0 | EI73: =IF(EI$56-Voorblad!$F$41>Voorblad!$K$41,0,IF($U73=0,0,IF($U73<1,1/$U73,IF((EI$56-Voorblad!$F$41)/$U73-SUM($EE73:EH73)=1,1,0)))) -> 0 | EJ73: =IF(EJ$56-Voorblad!$F$41>Voorblad!$K$41,0,IF($U73=0,0,IF($U73<1,1/$U73,IF((EJ$56-Voorblad!$F$41)/$U73-SUM($EE73:EI73)=1,1,0)))) -> 0 | EK73: =IF(EK$56-Voorblad!$F$41>Voorblad!$K$41,0,IF($U73=0,0,IF($U73<1,1/$U73,IF((EK$56-Voorblad!$F$41)/$U73-SUM($EE73:EJ73)=1,1,0)))) -> 0 | EL73: =IF(EL$56-Voorblad!$F$41>Voorblad!$K$41,0,IF($U73=0,0,IF($U73<1,1/$U73,IF((EL$56-Voorblad!$F$41)/$U73-SUM($EE73:EK73)=1,1,0)))) -> 0 | EM73: =IF(EM$56-Voorblad!$F$41>Voorblad!$K$41,0,IF($U73=0,0,IF($U73<1,1/$U73,IF((EM$56-Voorblad!$F$41)/$U73-SUM($EE73:EL73)=1,1,0)))) -> 0 | ... IB73: =IF(IB$56-Voorblad!$F$41>Voorblad!$K$41,0,IF($U73=0,0,IF($U73<1,1/$U73,IF((IB$56-Voorblad!$F$41)/$U73-SUM($EE73:IA73)=1,1,0)))) -> 0
B74: totaal klein cyclisch onderhoud | Y74: =SUM(Y58:Y73) -> 0 | AA74: =SUM(AA58:AA73) -> 0 | AC74: =$Y74*(Voorblad!$K$44*(1+Voorblad!$K$44)^Voorblad!$K$41)/((1+Voorblad!$K$44)^Voorblad!$K$41-1) -> 0
J75: open groep "vervangen voegovergangen" als het een kunstwerk voor autoverkeer betreft
B76: 1 | F76: waarborg functie | I76: go/vv | K76: vervangen bitumineuze voegovergangen (langcyclisch onderhoud) | Q76: 0 | R76: m1 | S76: =H10*715 -> 1701.7 | T76: =Q76*S76 -> 0 | U76: 9 | Y76: =SUM(AE76:EB76) -> 0 | AC76: =$Y76*(Voorblad!$K$44*(1+Voorblad!$K$44)^Voorblad!$K$41)/((1+Voorblad!$K$44)^Voorblad!$K$41-1) -> 0 | AE76: =EF76*($Q76*$S76)/(1+Voorblad!$K$44)^(AE$56-Voorblad!$F$41) -> 0 | AF76: =EG76*($Q76*$S76)/(1+Voorblad!$K$44)^(AF$56-Voorblad!$F$41) -> 0 | AG76: =EH76*($Q76*$S76)/(1+Voorblad!$K$44)^(AG$56-Voorblad!$F$41) -> 0 | AH76: =EI76*($Q76*$S76)/(1+Voorblad!$K$44)^(AH$56-Voorblad!$F$41) -> 0 | AI76: =EJ76*($Q76*$S76)/(1+Voorblad!$K$44)^(AI$56-Voorblad!$F$41) -> 0 | AJ76: =EK76*($Q76*$S76)/(1+Voorblad!$K$44)^(AJ$56-Voorblad!$F$41) -> 0 | AK76: =EL76*($Q76*$S76)/(1+Voorblad!$K$44)^(AK$56-Voorblad!$F$41) -> 0 | AL76: =EM76*($Q76*$S76)/(1+Voorblad!$K$44)^(AL$56-Voorblad!$F$41) -> 0 | ... EB76: =IC76*($Q76*$S76)/(1+Voorblad!$K$44)^(EB$56-Voorblad!$F$41) -> 0 | EE76: 0 | EF76: =IF(EF$56-Voorblad!$F$41>Voorblad!$K$41,0,IF($U76=0,0,IF($U76<1,1/$U76,IF((EF$56-Voorblad!$F$41)/$U76-SUM($EE76:EE76)=1,1,0)))) -> 0 | EG76: =IF(EG$56-Voorblad!$F$41>Voorblad!$K$41,0,IF($U76=0,0,IF($U76<1,1/$U76,IF((EG$56-Voorblad!$F$41)/$U76-SUM($EE76:EF76)=1,1,0)))) -> 0 | EH76: =IF(EH$56-Voorblad!$F$41>Voorblad!$K$41,0,IF($U76=0,0,IF($U76<1,1/$U76,IF((EH$56-Voorblad!$F$41)/$U76-SUM($EE76:EG76)=1,1,0)))) -> 0 | EI76: =IF(EI$56-Voorblad!$F$41>Voorblad!$K$41,0,IF($U76=0,0,IF($U76<1,1/$U76,IF((EI$56-Voorblad!$F$41)/$U76-SUM($EE76:EH76)=1,1,0)))) -> 0 | EJ76: =IF(EJ$56-Voorblad!$F$41>Voorblad!$K$41,0,IF($U76=0,0,IF($U76<1,1/$U76,IF((EJ$56-Voorblad!$F$41)/$U76-SUM($EE76:EI76)=1,1,0)))) -> 0 | EK76: =IF(EK$56-Voorblad!$F$41>Voorblad!$K$41,0,IF($U76=0,0,IF($U76<1,1/$U76,IF((EK$56-Voorblad!$F$41)/$U76-SUM($EE76:EJ76)=1,1,0)))) -> 0 | EL76: =IF(EL$56-Voorblad!$F$41>Voorblad!$K$41,0,IF($U76=0,0,IF($U76<1,1/$U76,IF((EL$56-Voorblad!$F$41)/$U76-SUM($EE76:EK76)=1,1,0)))) -> 0 | EM76: =IF(EM$56-Voorblad!$F$41>Voorblad!$K$41,0,IF($U76=0,0,IF($U76<1,1/$U76,IF((EM$56-Voorblad!$F$41)/$U76-SUM($EE76:EL76)=1,1,0)))) -> 0 | ... IB76: =IF(IB$56-Voorblad!$F$41>Voorblad!$K$41,0,IF($U76=0,0,IF($U76<1,1/$U76,IF((IB$56-Voorblad!$F$41)/$U76-SUM($EE76:IA76)=1,1,0)))) -> 0
B77: 1 | F77: waarborg functie | I77: go/vv | K77: vervangen epoxy/kunststofbalk met rubber voegovergangen (langcyclisch) | Q77: 0 | R77: m1 | S77: =H10*1665 -> 3962.7 | T77: =Q77*S77 -> 0 | U77: 18 | Y77: =SUM(AE77:EB77) -> 0 | AC77: =$Y77*(Voorblad!$K$44*(1+Voorblad!$K$44)^Voorblad!$K$41)/((1+Voorblad!$K$44)^Voorblad!$K$41-1) -> 0 | AE77: =EF77*($Q77*$S77)/(1+Voorblad!$K$44)^(AE$56-Voorblad!$F$41) -> 0 | AF77: =EG77*($Q77*$S77)/(1+Voorblad!$K$44)^(AF$56-Voorblad!$F$41) -> 0 | AG77: =EH77*($Q77*$S77)/(1+Voorblad!$K$44)^(AG$56-Voorblad!$F$41) -> 0 | AH77: =EI77*($Q77*$S77)/(1+Voorblad!$K$44)^(AH$56-Voorblad!$F$41) -> 0 | AI77: =EJ77*($Q77*$S77)/(1+Voorblad!$K$44)^(AI$56-Voorblad!$F$41) -> 0 | AJ77: =EK77*($Q77*$S77)/(1+Voorblad!$K$44)^(AJ$56-Voorblad!$F$41) -> 0 | AK77: =EL77*($Q77*$S77)/(1+Voorblad!$K$44)^(AK$56-Voorblad!$F$41) -> 0 | AL77: =EM77*($Q77*$S77)/(1+Voorblad!$K$44)^(AL$56-Voorblad!$F$41) -> 0 | ... EB77: =IC77*($Q77*$S77)/(1+Voorblad!$K$44)^(EB$56-Voorblad!$F$41) -> 0 | EE77: 0 | EF77: =IF(EF$56-Voorblad!$F$41>Voorblad!$K$41,0,IF($U77=0,0,IF($U77<1,1/$U77,IF((EF$56-Voorblad!$F$41)/$U77-SUM($EE77:EE77)=1,1,0)))) -> 0 | EG77: =IF(EG$56-Voorblad!$F$41>Voorblad!$K$41,0,IF($U77=0,0,IF($U77<1,1/$U77,IF((EG$56-Voorblad!$F$41)/$U77-SUM($EE77:EF77)=1,1,0)))) -> 0 | EH77: =IF(EH$56-Voorblad!$F$41>Voorblad!$K$41,0,IF($U77=0,0,IF($U77<1,1/$U77,IF((EH$56-Voorblad!$F$41)/$U77-SUM($EE77:EG77)=1,1,0)))) -> 0 | EI77: =IF(EI$56-Voorblad!$F$41>Voorblad!$K$41,0,IF($U77=0,0,IF($U77<1,1/$U77,IF((EI$56-Voorblad!$F$41)/$U77-SUM($EE77:EH77)=1,1,0)))) -> 0 | EJ77: =IF(EJ$56-Voorblad!$F$41>Voorblad!$K$41,0,IF($U77=0,0,IF($U77<1,1/$U77,IF((EJ$56-Voorblad!$F$41)/$U77-SUM($EE77:EI77)=1,1,0)))) -> 0 | EK77: =IF(EK$56-Voorblad!$F$41>Voorblad!$K$41,0,IF($U77=0,0,IF($U77<1,1/$U77,IF((EK$56-Voorblad!$F$41)/$U77-SUM($EE77:EJ77)=1,1,0)))) -> 0 | EL77: =IF(EL$56-Voorblad!$F$41>Voorblad!$K$41,0,IF($U77=0,0,IF($U77<1,1/$U77,IF((EL$56-Voorblad!$F$41)/$U77-SUM($EE77:EK77)=1,1,0)))) -> 0 | EM77: =IF(EM$56-Voorblad!$F$41>Voorblad!$K$41,0,IF($U77=0,0,IF($U77<1,1/$U77,IF((EM$56-Voorblad!$F$41)/$U77-SUM($EE77:EL77)=1,1,0)))) -> 0 | ... IB77: =IF(IB$56-Voorblad!$F$41>Voorblad!$K$41,0,IF($U77=0,0,IF($U77<1,1/$U77,IF((IB$56-Voorblad!$F$41)/$U77-SUM($EE77:IA77)=1,1,0)))) -> 0
B78: 1 | F78: waarborg functie | I78: go/vv | K78: vervangen vinger-voegovergangen (langcyclisch onderhoud) | Q78: 0 | R78: m1 | S78: =H10*13300 -> 31654 | T78: =Q78*S78 -> 0 | U78: 27 | Y78: =SUM(AE78:EB78) -> 0 | AC78: =$Y78*(Voorblad!$K$44*(1+Voorblad!$K$44)^Voorblad!$K$41)/((1+Voorblad!$K$44)^Voorblad!$K$41-1) -> 0 | AE78: =EF78*($Q78*$S78)/(1+Voorblad!$K$44)^(AE$56-Voorblad!$F$41) -> 0 | AF78: =EG78*($Q78*$S78)/(1+Voorblad!$K$44)^(AF$56-Voorblad!$F$41) -> 0 | AG78: =EH78*($Q78*$S78)/(1+Voorblad!$K$44)^(AG$56-Voorblad!$F$41) -> 0 | AH78: =EI78*($Q78*$S78)/(1+Voorblad!$K$44)^(AH$56-Voorblad!$F$41) -> 0 | AI78: =EJ78*($Q78*$S78)/(1+Voorblad!$K$44)^(AI$56-Voorblad!$F$41) -> 0 | AJ78: =EK78*($Q78*$S78)/(1+Voorblad!$K$44)^(AJ$56-Voorblad!$F$41) -> 0 | AK78: =EL78*($Q78*$S78)/(1+Voorblad!$K$44)^(AK$56-Voorblad!$F$41) -> 0 | AL78: =EM78*($Q78*$S78)/(1+Voorblad!$K$44)^(AL$56-Voorblad!$F$41) -> 0 | ... EB78: =IC78*($Q78*$S78)/(1+Voorblad!$K$44)^(EB$56-Voorblad!$F$41) -> 0 | EE78: 0 | EF78: =IF(EF$56-Voorblad!$F$41>Voorblad!$K$41,0,IF($U78=0,0,IF($U78<1,1/$U78,IF((EF$56-Voorblad!$F$41)/$U78-SUM($EE78:EE78)=1,1,0)))) -> 0 | EG78: =IF(EG$56-Voorblad!$F$41>Voorblad!$K$41,0,IF($U78=0,0,IF($U78<1,1/$U78,IF((EG$56-Voorblad!$F$41)/$U78-SUM($EE78:EF78)=1,1,0)))) -> 0 | EH78: =IF(EH$56-Voorblad!$F$41>Voorblad!$K$41,0,IF($U78=0,0,IF($U78<1,1/$U78,IF((EH$56-Voorblad!$F$41)/$U78-SUM($EE78:EG78)=1,1,0)))) -> 0 | EI78: =IF(EI$56-Voorblad!$F$41>Voorblad!$K$41,0,IF($U78=0,0,IF($U78<1,1/$U78,IF((EI$56-Voorblad!$F$41)/$U78-SUM($EE78:EH78)=1,1,0)))) -> 0 | EJ78: =IF(EJ$56-Voorblad!$F$41>Voorblad!$K$41,0,IF($U78=0,0,IF($U78<1,1/$U78,IF((EJ$56-Voorblad!$F$41)/$U78-SUM($EE78:EI78)=1,1,0)))) -> 0 | EK78: =IF(EK$56-Voorblad!$F$41>Voorblad!$K$41,0,IF($U78=0,0,IF($U78<1,1/$U78,IF((EK$56-Voorblad!$F$41)/$U78-SUM($EE78:EJ78)=1,1,0)))) -> 0 | EL78: =IF(EL$56-Voorblad!$F$41>Voorblad!$K$41,0,IF($U78=0,0,IF($U78<1,1/$U78,IF((EL$56-Voorblad!$F$41)/$U78-SUM($EE78:EK78)=1,1,0)))) -> 0 | EM78: =IF(EM$56-Voorblad!$F$41>Voorblad!$K$41,0,IF($U78=0,0,IF($U78<1,1/$U78,IF((EM$56-Voorblad!$F$41)/$U78-SUM($EE78:EL78)=1,1,0)))) -> 0 | ... IB78: =IF(IB$56-Voorblad!$F$41>Voorblad!$K$41,0,IF($U78=0,0,IF($U78<1,1/$U78,IF((IB$56-Voorblad!$F$41)/$U78-SUM($EE78:IA78)=1,1,0)))) -> 0
B79: 1 | F79: waarborg functie | I79: go/vv | K79: vervangen lamellen-voegovergangen (langcyclisch) | Q79: 0 | R79: m1 | S79: =H10*11000 -> 26180 | T79: =Q79*S79 -> 0 | U79: 27 | Y79: =SUM(AE79:EB79) -> 0 | AC79: =$Y79*(Voorblad!$K$44*(1+Voorblad!$K$44)^Voorblad!$K$41)/((1+Voorblad!$K$44)^Voorblad!$K$41-1) -> 0 | AE79: =EF79*($Q79*$S79)/(1+Voorblad!$K$44)^(AE$56-Voorblad!$F$41) -> 0 | AF79: =EG79*($Q79*$S79)/(1+Voorblad!$K$44)^(AF$56-Voorblad!$F$41) -> 0 | AG79: =EH79*($Q79*$S79)/(1+Voorblad!$K$44)^(AG$56-Voorblad!$F$41) -> 0 | AH79: =EI79*($Q79*$S79)/(1+Voorblad!$K$44)^(AH$56-Voorblad!$F$41) -> 0 | AI79: =EJ79*($Q79*$S79)/(1+Voorblad!$K$44)^(AI$56-Voorblad!$F$41) -> 0 | AJ79: =EK79*($Q79*$S79)/(1+Voorblad!$K$44)^(AJ$56-Voorblad!$F$41) -> 0 | AK79: =EL79*($Q79*$S79)/(1+Voorblad!$K$44)^(AK$56-Voorblad!$F$41) -> 0 | AL79: =EM79*($Q79*$S79)/(1+Voorblad!$K$44)^(AL$56-Voorblad!$F$41) -> 0 | ... EB79: =IC79*($Q79*$S79)/(1+Voorblad!$K$44)^(EB$56-Voorblad!$F$41) -> 0 | EE79: 0 | EF79: =IF(EF$56-Voorblad!$F$41>Voorblad!$K$41,0,IF($U79=0,0,IF($U79<1,1/$U79,IF((EF$56-Voorblad!$F$41)/$U79-SUM($EE79:EE79)=1,1,0)))) -> 0 | EG79: =IF(EG$56-Voorblad!$F$41>Voorblad!$K$41,0,IF($U79=0,0,IF($U79<1,1/$U79,IF((EG$56-Voorblad!$F$41)/$U79-SUM($EE79:EF79)=1,1,0)))) -> 0 | EH79: =IF(EH$56-Voorblad!$F$41>Voorblad!$K$41,0,IF($U79=0,0,IF($U79<1,1/$U79,IF((EH$56-Voorblad!$F$41)/$U79-SUM($EE79:EG79)=1,1,0)))) -> 0 | EI79: =IF(EI$56-Voorblad!$F$41>Voorblad!$K$41,0,IF($U79=0,0,IF($U79<1,1/$U79,IF((EI$56-Voorblad!$F$41)/$U79-SUM($EE79:EH79)=1,1,0)))) -> 0 | EJ79: =IF(EJ$56-Voorblad!$F$41>Voorblad!$K$41,0,IF($U79=0,0,IF($U79<1,1/$U79,IF((EJ$56-Voorblad!$F$41)/$U79-SUM($EE79:EI79)=1,1,0)))) -> 0 | EK79: =IF(EK$56-Voorblad!$F$41>Voorblad!$K$41,0,IF($U79=0,0,IF($U79<1,1/$U79,IF((EK$56-Voorblad!$F$41)/$U79-SUM($EE79:EJ79)=1,1,0)))) -> 0 | EL79: =IF(EL$56-Voorblad!$F$41>Voorblad!$K$41,0,IF($U79=0,0,IF($U79<1,1/$U79,IF((EL$56-Voorblad!$F$41)/$U79-SUM($EE79:EK79)=1,1,0)))) -> 0 | EM79: =IF(EM$56-Voorblad!$F$41>Voorblad!$K$41,0,IF($U79=0,0,IF($U79<1,1/$U79,IF((EM$56-Voorblad!$F$41)/$U79-SUM($EE79:EL79)=1,1,0)))) -> 0 | ... IB79: =IF(IB$56-Voorblad!$F$41>Voorblad!$K$41,0,IF($U79=0,0,IF($U79<1,1/$U79,IF((IB$56-Voorblad!$F$41)/$U79-SUM($EE79:IA79)=1,1,0)))) -> 0
B80: 1 | F80: waarborg functie | I80: go/vv | K80: vervangen conservering kunstwerk | O80: obv herstel 7,5% roestschade + tussenlaag + overlagen | P80: obv opgave verfoppervlak paspoort | Q80: 0 | R80: m2 | S80: =$H$10*100 -> 238 | T80: =Q80*S80 -> 0 | U80: 30 | Y80: =SUM(AE80:EB80) -> 0 | AC80: =$Y80*(Voorblad!$K$44*(1+Voorblad!$K$44)^Voorblad!$K$41)/((1+Voorblad!$K$44)^Voorblad!$K$41-1) -> 0 | AE80: =EF80*($Q80*$S80)/(1+Voorblad!$K$44)^(AE$56-Voorblad!$F$41) -> 0 | AF80: =EG80*($Q80*$S80)/(1+Voorblad!$K$44)^(AF$56-Voorblad!$F$41) -> 0 | AG80: =EH80*($Q80*$S80)/(1+Voorblad!$K$44)^(AG$56-Voorblad!$F$41) -> 0 | AH80: =EI80*($Q80*$S80)/(1+Voorblad!$K$44)^(AH$56-Voorblad!$F$41) -> 0 | AI80: =EJ80*($Q80*$S80)/(1+Voorblad!$K$44)^(AI$56-Voorblad!$F$41) -> 0 | AJ80: =EK80*($Q80*$S80)/(1+Voorblad!$K$44)^(AJ$56-Voorblad!$F$41) -> 0 | AK80: =EL80*($Q80*$S80)/(1+Voorblad!$K$44)^(AK$56-Voorblad!$F$41) -> 0 | AL80: =EM80*($Q80*$S80)/(1+Voorblad!$K$44)^(AL$56-Voorblad!$F$41) -> 0 | ... EB80: =IC80*($Q80*$S80)/(1+Voorblad!$K$44)^(EB$56-Voorblad!$F$41) -> 0 | EE80: 0 | EF80: =IF(EF$56-Voorblad!$F$41>Voorblad!$K$41,0,IF($U80=0,0,IF($U80<1,1/$U80,IF((EF$56-Voorblad!$F$41)/$U80-SUM($EE80:EE80)=1,1,0)))) -> 0 | EG80: =IF(EG$56-Voorblad!$F$41>Voorblad!$K$41,0,IF($U80=0,0,IF($U80<1,1/$U80,IF((EG$56-Voorblad!$F$41)/$U80-SUM($EE80:EF80)=1,1,0)))) -> 0 | EH80: =IF(EH$56-Voorblad!$F$41>Voorblad!$K$41,0,IF($U80=0,0,IF($U80<1,1/$U80,IF((EH$56-Voorblad!$F$41)/$U80-SUM($EE80:EG80)=1,1,0)))) -> 0 | EI80: =IF(EI$56-Voorblad!$F$41>Voorblad!$K$41,0,IF($U80=0,0,IF($U80<1,1/$U80,IF((EI$56-Voorblad!$F$41)/$U80-SUM($EE80:EH80)=1,1,0)))) -> 0 | EJ80: =IF(EJ$56-Voorblad!$F$41>Voorblad!$K$41,0,IF($U80=0,0,IF($U80<1,1/$U80,IF((EJ$56-Voorblad!$F$41)/$U80-SUM($EE80:EI80)=1,1,0)))) -> 0 | EK80: =IF(EK$56-Voorblad!$F$41>Voorblad!$K$41,0,IF($U80=0,0,IF($U80<1,1/$U80,IF((EK$56-Voorblad!$F$41)/$U80-SUM($EE80:EJ80)=1,1,0)))) -> 0 | EL80: =IF(EL$56-Voorblad!$F$41>Voorblad!$K$41,0,IF($U80=0,0,IF($U80<1,1/$U80,IF((EL$56-Voorblad!$F$41)/$U80-SUM($EE80:EK80)=1,1,0)))) -> 0 | EM80: =IF(EM$56-Voorblad!$F$41>Voorblad!$K$41,0,IF($U80=0,0,IF($U80<1,1/$U80,IF((EM$56-Voorblad!$F$41)/$U80-SUM($EE80:EL80)=1,1,0)))) -> 0 | ... IB80: =IF(IB$56-Voorblad!$F$41>Voorblad!$K$41,0,IF($U80=0,0,IF($U80<1,1/$U80,IF((IB$56-Voorblad!$F$41)/$U80-SUM($EE80:IA80)=1,1,0)))) -> 0
B81: 1 | F81: waarborg functie | I81: go/vv | K81: vervangen conservering inspectiewagen | O81: obv herstel 7,5% roestschade + tussenlaag + overlagen | P81: prijs obv 2,0 m2 per m1 inspectiewagen | Q81: 0 | R81: m1 | S81: =$H$10*2*125 -> 595 | T81: =Q81*S81 -> 0 | U81: 30 | Y81: =SUM(AE81:EB81) -> 0 | AC81: =$Y81*(Voorblad!$K$44*(1+Voorblad!$K$44)^Voorblad!$K$41)/((1+Voorblad!$K$44)^Voorblad!$K$41-1) -> 0 | AE81: =EF81*($Q81*$S81)/(1+Voorblad!$K$44)^(AE$56-Voorblad!$F$41) -> 0 | AF81: =EG81*($Q81*$S81)/(1+Voorblad!$K$44)^(AF$56-Voorblad!$F$41) -> 0 | AG81: =EH81*($Q81*$S81)/(1+Voorblad!$K$44)^(AG$56-Voorblad!$F$41) -> 0 | AH81: =EI81*($Q81*$S81)/(1+Voorblad!$K$44)^(AH$56-Voorblad!$F$41) -> 0 | AI81: =EJ81*($Q81*$S81)/(1+Voorblad!$K$44)^(AI$56-Voorblad!$F$41) -> 0 | AJ81: =EK81*($Q81*$S81)/(1+Voorblad!$K$44)^(AJ$56-Voorblad!$F$41) -> 0 | AK81: =EL81*($Q81*$S81)/(1+Voorblad!$K$44)^(AK$56-Voorblad!$F$41) -> 0 | AL81: =EM81*($Q81*$S81)/(1+Voorblad!$K$44)^(AL$56-Voorblad!$F$41) -> 0 | ... EB81: =IC81*($Q81*$S81)/(1+Voorblad!$K$44)^(EB$56-Voorblad!$F$41) -> 0 | EE81: 0 | EF81: =IF(EF$56-Voorblad!$F$41>Voorblad!$K$41,0,IF($U81=0,0,IF($U81<1,1/$U81,IF((EF$56-Voorblad!$F$41)/$U81-SUM($EE81:EE81)=1,1,0)))) -> 0 | EG81: =IF(EG$56-Voorblad!$F$41>Voorblad!$K$41,0,IF($U81=0,0,IF($U81<1,1/$U81,IF((EG$56-Voorblad!$F$41)/$U81-SUM($EE81:EF81)=1,1,0)))) -> 0 | EH81: =IF(EH$56-Voorblad!$F$41>Voorblad!$K$41,0,IF($U81=0,0,IF($U81<1,1/$U81,IF((EH$56-Voorblad!$F$41)/$U81-SUM($EE81:EG81)=1,1,0)))) -> 0 | EI81: =IF(EI$56-Voorblad!$F$41>Voorblad!$K$41,0,IF($U81=0,0,IF($U81<1,1/$U81,IF((EI$56-Voorblad!$F$41)/$U81-SUM($EE81:EH81)=1,1,0)))) -> 0 | EJ81: =IF(EJ$56-Voorblad!$F$41>Voorblad!$K$41,0,IF($U81=0,0,IF($U81<1,1/$U81,IF((EJ$56-Voorblad!$F$41)/$U81-SUM($EE81:EI81)=1,1,0)))) -> 0 | EK81: =IF(EK$56-Voorblad!$F$41>Voorblad!$K$41,0,IF($U81=0,0,IF($U81<1,1/$U81,IF((EK$56-Voorblad!$F$41)/$U81-SUM($EE81:EJ81)=1,1,0)))) -> 0 | EL81: =IF(EL$56-Voorblad!$F$41>Voorblad!$K$41,0,IF($U81=0,0,IF($U81<1,1/$U81,IF((EL$56-Voorblad!$F$41)/$U81-SUM($EE81:EK81)=1,1,0)))) -> 0 | EM81: =IF(EM$56-Voorblad!$F$41>Voorblad!$K$41,0,IF($U81=0,0,IF($U81<1,1/$U81,IF((EM$56-Voorblad!$F$41)/$U81-SUM($EE81:EL81)=1,1,0)))) -> 0 | ... IB81: =IF(IB$56-Voorblad!$F$41>Voorblad!$K$41,0,IF($U81=0,0,IF($U81<1,1/$U81,IF((IB$56-Voorblad!$F$41)/$U81-SUM($EE81:IA81)=1,1,0)))) -> 0
B82: 1 | F82: waarborg functie | I82: go/vv | K82: vervangen conservering PV-bordes (roosters + draagbalken) | O82: obv herstel 7,5% roestschade + tussenlaag + overlagen | P82: prijs obv 1,5 m2 per m2 bordesoppervlak | Q82: 0 | R82: m2 | S82: =$H$10*1.5*125 -> 446.25 | T82: =Q82*S82 -> 0 | U82: 30 | Y82: =SUM(AE82:EB82) -> 0 | AC82: =$Y82*(Voorblad!$K$44*(1+Voorblad!$K$44)^Voorblad!$K$41)/((1+Voorblad!$K$44)^Voorblad!$K$41-1) -> 0 | AE82: =EF82*($Q82*$S82)/(1+Voorblad!$K$44)^(AE$56-Voorblad!$F$41) -> 0 | AF82: =EG82*($Q82*$S82)/(1+Voorblad!$K$44)^(AF$56-Voorblad!$F$41) -> 0 | AG82: =EH82*($Q82*$S82)/(1+Voorblad!$K$44)^(AG$56-Voorblad!$F$41) -> 0 | AH82: =EI82*($Q82*$S82)/(1+Voorblad!$K$44)^(AH$56-Voorblad!$F$41) -> 0 | AI82: =EJ82*($Q82*$S82)/(1+Voorblad!$K$44)^(AI$56-Voorblad!$F$41) -> 0 | AJ82: =EK82*($Q82*$S82)/(1+Voorblad!$K$44)^(AJ$56-Voorblad!$F$41) -> 0 | AK82: =EL82*($Q82*$S82)/(1+Voorblad!$K$44)^(AK$56-Voorblad!$F$41) -> 0 | AL82: =EM82*($Q82*$S82)/(1+Voorblad!$K$44)^(AL$56-Voorblad!$F$41) -> 0 | ... EB82: =IC82*($Q82*$S82)/(1+Voorblad!$K$44)^(EB$56-Voorblad!$F$41) -> 0 | EE82: 0 | EF82: =IF(EF$56-Voorblad!$F$41>Voorblad!$K$41,0,IF($U82=0,0,IF($U82<1,1/$U82,IF((EF$56-Voorblad!$F$41)/$U82-SUM($EE82:EE82)=1,1,0)))) -> 0 | EG82: =IF(EG$56-Voorblad!$F$41>Voorblad!$K$41,0,IF($U82=0,0,IF($U82<1,1/$U82,IF((EG$56-Voorblad!$F$41)/$U82-SUM($EE82:EF82)=1,1,0)))) -> 0 | EH82: =IF(EH$56-Voorblad!$F$41>Voorblad!$K$41,0,IF($U82=0,0,IF($U82<1,1/$U82,IF((EH$56-Voorblad!$F$41)/$U82-SUM($EE82:EG82)=1,1,0)))) -> 0 | EI82: =IF(EI$56-Voorblad!$F$41>Voorblad!$K$41,0,IF($U82=0,0,IF($U82<1,1/$U82,IF((EI$56-Voorblad!$F$41)/$U82-SUM($EE82:EH82)=1,1,0)))) -> 0 | EJ82: =IF(EJ$56-Voorblad!$F$41>Voorblad!$K$41,0,IF($U82=0,0,IF($U82<1,1/$U82,IF((EJ$56-Voorblad!$F$41)/$U82-SUM($EE82:EI82)=1,1,0)))) -> 0 | EK82: =IF(EK$56-Voorblad!$F$41>Voorblad!$K$41,0,IF($U82=0,0,IF($U82<1,1/$U82,IF((EK$56-Voorblad!$F$41)/$U82-SUM($EE82:EJ82)=1,1,0)))) -> 0 | EL82: =IF(EL$56-Voorblad!$F$41>Voorblad!$K$41,0,IF($U82=0,0,IF($U82<1,1/$U82,IF((EL$56-Voorblad!$F$41)/$U82-SUM($EE82:EK82)=1,1,0)))) -> 0 | EM82: =IF(EM$56-Voorblad!$F$41>Voorblad!$K$41,0,IF($U82=0,0,IF($U82<1,1/$U82,IF((EM$56-Voorblad!$F$41)/$U82-SUM($EE82:EL82)=1,1,0)))) -> 0 | ... IB82: =IF(IB$56-Voorblad!$F$41>Voorblad!$K$41,0,IF($U82=0,0,IF($U82<1,1/$U82,IF((IB$56-Voorblad!$F$41)/$U82-SUM($EE82:IA82)=1,1,0)))) -> 0
B83: 1 | F83: waarborg functie | I83: go/vv | K83: vervangen conservering leuning | O83: obv herstel 7,5% roestschade + tussenlaag + overlagen | P83: prijs obv 1 m2 per m1 leuning | Q83: 0 | R83: m1 | S83: =$H$10*125 -> 297.5 | T83: =Q83*S83 -> 0 | U83: 30 | Y83: =SUM(AE83:EB83) -> 0 | AC83: =$Y83*(Voorblad!$K$44*(1+Voorblad!$K$44)^Voorblad!$K$41)/((1+Voorblad!$K$44)^Voorblad!$K$41-1) -> 0 | AE83: =EF83*($Q83*$S83)/(1+Voorblad!$K$44)^(AE$56-Voorblad!$F$41) -> 0 | AF83: =EG83*($Q83*$S83)/(1+Voorblad!$K$44)^(AF$56-Voorblad!$F$41) -> 0 | AG83: =EH83*($Q83*$S83)/(1+Voorblad!$K$44)^(AG$56-Voorblad!$F$41) -> 0 | AH83: =EI83*($Q83*$S83)/(1+Voorblad!$K$44)^(AH$56-Voorblad!$F$41) -> 0 | AI83: =EJ83*($Q83*$S83)/(1+Voorblad!$K$44)^(AI$56-Voorblad!$F$41) -> 0 | AJ83: =EK83*($Q83*$S83)/(1+Voorblad!$K$44)^(AJ$56-Voorblad!$F$41) -> 0 | AK83: =EL83*($Q83*$S83)/(1+Voorblad!$K$44)^(AK$56-Voorblad!$F$41) -> 0 | AL83: =EM83*($Q83*$S83)/(1+Voorblad!$K$44)^(AL$56-Voorblad!$F$41) -> 0 | ... EB83: =IC83*($Q83*$S83)/(1+Voorblad!$K$44)^(EB$56-Voorblad!$F$41) -> 0 | EE83: 0 | EF83: =IF(EF$56-Voorblad!$F$41>Voorblad!$K$41,0,IF($U83=0,0,IF($U83<1,1/$U83,IF((EF$56-Voorblad!$F$41)/$U83-SUM($EE83:EE83)=1,1,0)))) -> 0 | EG83: =IF(EG$56-Voorblad!$F$41>Voorblad!$K$41,0,IF($U83=0,0,IF($U83<1,1/$U83,IF((EG$56-Voorblad!$F$41)/$U83-SUM($EE83:EF83)=1,1,0)))) -> 0 | EH83: =IF(EH$56-Voorblad!$F$41>Voorblad!$K$41,0,IF($U83=0,0,IF($U83<1,1/$U83,IF((EH$56-Voorblad!$F$41)/$U83-SUM($EE83:EG83)=1,1,0)))) -> 0 | EI83: =IF(EI$56-Voorblad!$F$41>Voorblad!$K$41,0,IF($U83=0,0,IF($U83<1,1/$U83,IF((EI$56-Voorblad!$F$41)/$U83-SUM($EE83:EH83)=1,1,0)))) -> 0 | EJ83: =IF(EJ$56-Voorblad!$F$41>Voorblad!$K$41,0,IF($U83=0,0,IF($U83<1,1/$U83,IF((EJ$56-Voorblad!$F$41)/$U83-SUM($EE83:EI83)=1,1,0)))) -> 0 | EK83: =IF(EK$56-Voorblad!$F$41>Voorblad!$K$41,0,IF($U83=0,0,IF($U83<1,1/$U83,IF((EK$56-Voorblad!$F$41)/$U83-SUM($EE83:EJ83)=1,1,0)))) -> 0 | EL83: =IF(EL$56-Voorblad!$F$41>Voorblad!$K$41,0,IF($U83=0,0,IF($U83<1,1/$U83,IF((EL$56-Voorblad!$F$41)/$U83-SUM($EE83:EK83)=1,1,0)))) -> 0 | EM83: =IF(EM$56-Voorblad!$F$41>Voorblad!$K$41,0,IF($U83=0,0,IF($U83<1,1/$U83,IF((EM$56-Voorblad!$F$41)/$U83-SUM($EE83:EL83)=1,1,0)))) -> 0 | ... IB83: =IF(IB$56-Voorblad!$F$41>Voorblad!$K$41,0,IF($U83=0,0,IF($U83<1,1/$U83,IF((IB$56-Voorblad!$F$41)/$U83-SUM($EE83:IA83)=1,1,0)))) -> 0
B84: 1 | F84: waarborg functie | I84: go/vv | K84: vervangen conservering kabelkoker | O84: obv herstel 7,5% roestschade + tussenlaag + overlagen | P84: prijs obv 1 m2 per m1 kabelkoker | Q84: 0 | R84: m1 | S84: =$H$10*125 -> 297.5 | T84: =Q84*S84 -> 0 | U84: 30 | Y84: =SUM(AE84:EB84) -> 0 | AC84: =$Y84*(Voorblad!$K$44*(1+Voorblad!$K$44)^Voorblad!$K$41)/((1+Voorblad!$K$44)^Voorblad!$K$41-1) -> 0 | AE84: =EF84*($Q84*$S84)/(1+Voorblad!$K$44)^(AE$56-Voorblad!$F$41) -> 0 | AF84: =EG84*($Q84*$S84)/(1+Voorblad!$K$44)^(AF$56-Voorblad!$F$41) -> 0 | AG84: =EH84*($Q84*$S84)/(1+Voorblad!$K$44)^(AG$56-Voorblad!$F$41) -> 0 | AH84: =EI84*($Q84*$S84)/(1+Voorblad!$K$44)^(AH$56-Voorblad!$F$41) -> 0 | AI84: =EJ84*($Q84*$S84)/(1+Voorblad!$K$44)^(AI$56-Voorblad!$F$41) -> 0 | AJ84: =EK84*($Q84*$S84)/(1+Voorblad!$K$44)^(AJ$56-Voorblad!$F$41) -> 0 | AK84: =EL84*($Q84*$S84)/(1+Voorblad!$K$44)^(AK$56-Voorblad!$F$41) -> 0 | AL84: =EM84*($Q84*$S84)/(1+Voorblad!$K$44)^(AL$56-Voorblad!$F$41) -> 0 | ... EB84: =IC84*($Q84*$S84)/(1+Voorblad!$K$44)^(EB$56-Voorblad!$F$41) -> 0 | EE84: 0 | EF84: =IF(EF$56-Voorblad!$F$41>Voorblad!$K$41,0,IF($U84=0,0,IF($U84<1,1/$U84,IF((EF$56-Voorblad!$F$41)/$U84-SUM($EE84:EE84)=1,1,0)))) -> 0 | EG84: =IF(EG$56-Voorblad!$F$41>Voorblad!$K$41,0,IF($U84=0,0,IF($U84<1,1/$U84,IF((EG$56-Voorblad!$F$41)/$U84-SUM($EE84:EF84)=1,1,0)))) -> 0 | EH84: =IF(EH$56-Voorblad!$F$41>Voorblad!$K$41,0,IF($U84=0,0,IF($U84<1,1/$U84,IF((EH$56-Voorblad!$F$41)/$U84-SUM($EE84:EG84)=1,1,0)))) -> 0 | EI84: =IF(EI$56-Voorblad!$F$41>Voorblad!$K$41,0,IF($U84=0,0,IF($U84<1,1/$U84,IF((EI$56-Voorblad!$F$41)/$U84-SUM($EE84:EH84)=1,1,0)))) -> 0 | EJ84: =IF(EJ$56-Voorblad!$F$41>Voorblad!$K$41,0,IF($U84=0,0,IF($U84<1,1/$U84,IF((EJ$56-Voorblad!$F$41)/$U84-SUM($EE84:EI84)=1,1,0)))) -> 0 | EK84: =IF(EK$56-Voorblad!$F$41>Voorblad!$K$41,0,IF($U84=0,0,IF($U84<1,1/$U84,IF((EK$56-Voorblad!$F$41)/$U84-SUM($EE84:EJ84)=1,1,0)))) -> 0 | EL84: =IF(EL$56-Voorblad!$F$41>Voorblad!$K$41,0,IF($U84=0,0,IF($U84<1,1/$U84,IF((EL$56-Voorblad!$F$41)/$U84-SUM($EE84:EK84)=1,1,0)))) -> 0 | EM84: =IF(EM$56-Voorblad!$F$41>Voorblad!$K$41,0,IF($U84=0,0,IF($U84<1,1/$U84,IF((EM$56-Voorblad!$F$41)/$U84-SUM($EE84:EL84)=1,1,0)))) -> 0 | ... IB84: =IF(IB$56-Voorblad!$F$41>Voorblad!$K$41,0,IF($U84=0,0,IF($U84<1,1/$U84,IF((IB$56-Voorblad!$F$41)/$U84-SUM($EE84:IA84)=1,1,0)))) -> 0
B85: 1 | F85: waarborg functie | I85: go/vv | K85: vervangen conservering geluidscherm (stijlen) | O85: obv herstel 7,5% roestschade + tussenlaag + overlagen | P85: prijs obv 0,6 m2 per m2 schermoppervlak (stijlen hoh 2,0 m) | Q85: 0 | R85: m2 | S85: =$H$10*0.6*125 -> 178.5 | T85: =Q85*S85 -> 0 | U85: 30 | Y85: =SUM(AE85:EB85) -> 0 | AC85: =$Y85*(Voorblad!$K$44*(1+Voorblad!$K$44)^Voorblad!$K$41)/((1+Voorblad!$K$44)^Voorblad!$K$41-1) -> 0 | AE85: =EF85*($Q85*$S85)/(1+Voorblad!$K$44)^(AE$56-Voorblad!$F$41) -> 0 | AF85: =EG85*($Q85*$S85)/(1+Voorblad!$K$44)^(AF$56-Voorblad!$F$41) -> 0 | AG85: =EH85*($Q85*$S85)/(1+Voorblad!$K$44)^(AG$56-Voorblad!$F$41) -> 0 | AH85: =EI85*($Q85*$S85)/(1+Voorblad!$K$44)^(AH$56-Voorblad!$F$41) -> 0 | AI85: =EJ85*($Q85*$S85)/(1+Voorblad!$K$44)^(AI$56-Voorblad!$F$41) -> 0 | AJ85: =EK85*($Q85*$S85)/(1+Voorblad!$K$44)^(AJ$56-Voorblad!$F$41) -> 0 | AK85: =EL85*($Q85*$S85)/(1+Voorblad!$K$44)^(AK$56-Voorblad!$F$41) -> 0 | AL85: =EM85*($Q85*$S85)/(1+Voorblad!$K$44)^(AL$56-Voorblad!$F$41) -> 0 | ... EB85: =IC85*($Q85*$S85)/(1+Voorblad!$K$44)^(EB$56-Voorblad!$F$41) -> 0 | EE85: 0 | EF85: =IF(EF$56-Voorblad!$F$41>Voorblad!$K$41,0,IF($U85=0,0,IF($U85<1,1/$U85,IF((EF$56-Voorblad!$F$41)/$U85-SUM($EE85:EE85)=1,1,0)))) -> 0 | EG85: =IF(EG$56-Voorblad!$F$41>Voorblad!$K$41,0,IF($U85=0,0,IF($U85<1,1/$U85,IF((EG$56-Voorblad!$F$41)/$U85-SUM($EE85:EF85)=1,1,0)))) -> 0 | EH85: =IF(EH$56-Voorblad!$F$41>Voorblad!$K$41,0,IF($U85=0,0,IF($U85<1,1/$U85,IF((EH$56-Voorblad!$F$41)/$U85-SUM($EE85:EG85)=1,1,0)))) -> 0 | EI85: =IF(EI$56-Voorblad!$F$41>Voorblad!$K$41,0,IF($U85=0,0,IF($U85<1,1/$U85,IF((EI$56-Voorblad!$F$41)/$U85-SUM($EE85:EH85)=1,1,0)))) -> 0 | EJ85: =IF(EJ$56-Voorblad!$F$41>Voorblad!$K$41,0,IF($U85=0,0,IF($U85<1,1/$U85,IF((EJ$56-Voorblad!$F$41)/$U85-SUM($EE85:EI85)=1,1,0)))) -> 0 | EK85: =IF(EK$56-Voorblad!$F$41>Voorblad!$K$41,0,IF($U85=0,0,IF($U85<1,1/$U85,IF((EK$56-Voorblad!$F$41)/$U85-SUM($EE85:EJ85)=1,1,0)))) -> 0 | EL85: =IF(EL$56-Voorblad!$F$41>Voorblad!$K$41,0,IF($U85=0,0,IF($U85<1,1/$U85,IF((EL$56-Voorblad!$F$41)/$U85-SUM($EE85:EK85)=1,1,0)))) -> 0 | EM85: =IF(EM$56-Voorblad!$F$41>Voorblad!$K$41,0,IF($U85=0,0,IF($U85<1,1/$U85,IF((EM$56-Voorblad!$F$41)/$U85-SUM($EE85:EL85)=1,1,0)))) -> 0 | ... IB85: =IF(IB$56-Voorblad!$F$41>Voorblad!$K$41,0,IF($U85=0,0,IF($U85<1,1/$U85,IF((IB$56-Voorblad!$F$41)/$U85-SUM($EE85:IA85)=1,1,0)))) -> 0
B86: 1 | F86: waarborg functie | I86: vv | K86: vervangen PV-bordes (roosters + draagbalken) | Q86: 0 | R86: m2 | S86: =$H$10*2000 -> 4760 | T86: =Q86*S86 -> 0 | U86: 50 | Y86: =SUM(AE86:EB86) -> 0 | AC86: =$Y86*(Voorblad!$K$44*(1+Voorblad!$K$44)^Voorblad!$K$41)/((1+Voorblad!$K$44)^Voorblad!$K$41-1) -> 0 | AE86: =EF86*($Q86*$S86)/(1+Voorblad!$K$44)^(AE$56-Voorblad!$F$41) -> 0 | AF86: =EG86*($Q86*$S86)/(1+Voorblad!$K$44)^(AF$56-Voorblad!$F$41) -> 0 | AG86: =EH86*($Q86*$S86)/(1+Voorblad!$K$44)^(AG$56-Voorblad!$F$41) -> 0 | AH86: =EI86*($Q86*$S86)/(1+Voorblad!$K$44)^(AH$56-Voorblad!$F$41) -> 0 | AI86: =EJ86*($Q86*$S86)/(1+Voorblad!$K$44)^(AI$56-Voorblad!$F$41) -> 0 | AJ86: =EK86*($Q86*$S86)/(1+Voorblad!$K$44)^(AJ$56-Voorblad!$F$41) -> 0 | AK86: =EL86*($Q86*$S86)/(1+Voorblad!$K$44)^(AK$56-Voorblad!$F$41) -> 0 | AL86: =EM86*($Q86*$S86)/(1+Voorblad!$K$44)^(AL$56-Voorblad!$F$41) -> 0 | ... EB86: =IC86*($Q86*$S86)/(1+Voorblad!$K$44)^(EB$56-Voorblad!$F$41) -> 0 | EE86: 0 | EF86: =IF(EF$56-Voorblad!$F$41>Voorblad!$K$41,0,IF($U86=0,0,IF($U86<1,1/$U86,IF((EF$56-Voorblad!$F$41)/$U86-SUM($EE86:EE86)=1,1,0)))) -> 0 | EG86: =IF(EG$56-Voorblad!$F$41>Voorblad!$K$41,0,IF($U86=0,0,IF($U86<1,1/$U86,IF((EG$56-Voorblad!$F$41)/$U86-SUM($EE86:EF86)=1,1,0)))) -> 0 | EH86: =IF(EH$56-Voorblad!$F$41>Voorblad!$K$41,0,IF($U86=0,0,IF($U86<1,1/$U86,IF((EH$56-Voorblad!$F$41)/$U86-SUM($EE86:EG86)=1,1,0)))) -> 0 | EI86: =IF(EI$56-Voorblad!$F$41>Voorblad!$K$41,0,IF($U86=0,0,IF($U86<1,1/$U86,IF((EI$56-Voorblad!$F$41)/$U86-SUM($EE86:EH86)=1,1,0)))) -> 0 | EJ86: =IF(EJ$56-Voorblad!$F$41>Voorblad!$K$41,0,IF($U86=0,0,IF($U86<1,1/$U86,IF((EJ$56-Voorblad!$F$41)/$U86-SUM($EE86:EI86)=1,1,0)))) -> 0 | EK86: =IF(EK$56-Voorblad!$F$41>Voorblad!$K$41,0,IF($U86=0,0,IF($U86<1,1/$U86,IF((EK$56-Voorblad!$F$41)/$U86-SUM($EE86:EJ86)=1,1,0)))) -> 0 | EL86: =IF(EL$56-Voorblad!$F$41>Voorblad!$K$41,0,IF($U86=0,0,IF($U86<1,1/$U86,IF((EL$56-Voorblad!$F$41)/$U86-SUM($EE86:EK86)=1,1,0)))) -> 0 | EM86: =IF(EM$56-Voorblad!$F$41>Voorblad!$K$41,0,IF($U86=0,0,IF($U86<1,1/$U86,IF((EM$56-Voorblad!$F$41)/$U86-SUM($EE86:EL86)=1,1,0)))) -> 0 | ... IB86: =IF(IB$56-Voorblad!$F$41>Voorblad!$K$41,0,IF($U86=0,0,IF($U86<1,1/$U86,IF((IB$56-Voorblad!$F$41)/$U86-SUM($EE86:IA86)=1,1,0)))) -> 0
B87: 1 | F87: waarborg functie | I87: vv | K87: vervangen leuning | P87: incl. nieuwe bevestigingsmiddelen | Q87: 0 | R87: m1 | S87: =$H$10*400 -> 952 | T87: =Q87*S87 -> 0 | U87: 50 | Y87: =SUM(AE87:EB87) -> 0 | AC87: =$Y87*(Voorblad!$K$44*(1+Voorblad!$K$44)^Voorblad!$K$41)/((1+Voorblad!$K$44)^Voorblad!$K$41-1) -> 0 | AE87: =EF87*($Q87*$S87)/(1+Voorblad!$K$44)^(AE$56-Voorblad!$F$41) -> 0 | AF87: =EG87*($Q87*$S87)/(1+Voorblad!$K$44)^(AF$56-Voorblad!$F$41) -> 0 | AG87: =EH87*($Q87*$S87)/(1+Voorblad!$K$44)^(AG$56-Voorblad!$F$41) -> 0 | AH87: =EI87*($Q87*$S87)/(1+Voorblad!$K$44)^(AH$56-Voorblad!$F$41) -> 0 | AI87: =EJ87*($Q87*$S87)/(1+Voorblad!$K$44)^(AI$56-Voorblad!$F$41) -> 0 | AJ87: =EK87*($Q87*$S87)/(1+Voorblad!$K$44)^(AJ$56-Voorblad!$F$41) -> 0 | AK87: =EL87*($Q87*$S87)/(1+Voorblad!$K$44)^(AK$56-Voorblad!$F$41) -> 0 | AL87: =EM87*($Q87*$S87)/(1+Voorblad!$K$44)^(AL$56-Voorblad!$F$41) -> 0 | ... EB87: =IC87*($Q87*$S87)/(1+Voorblad!$K$44)^(EB$56-Voorblad!$F$41) -> 0 | EE87: 0 | EF87: =IF(EF$56-Voorblad!$F$41>Voorblad!$K$41,0,IF($U87=0,0,IF($U87<1,1/$U87,IF((EF$56-Voorblad!$F$41)/$U87-SUM($EE87:EE87)=1,1,0)))) -> 0 | EG87: =IF(EG$56-Voorblad!$F$41>Voorblad!$K$41,0,IF($U87=0,0,IF($U87<1,1/$U87,IF((EG$56-Voorblad!$F$41)/$U87-SUM($EE87:EF87)=1,1,0)))) -> 0 | EH87: =IF(EH$56-Voorblad!$F$41>Voorblad!$K$41,0,IF($U87=0,0,IF($U87<1,1/$U87,IF((EH$56-Voorblad!$F$41)/$U87-SUM($EE87:EG87)=1,1,0)))) -> 0 | EI87: =IF(EI$56-Voorblad!$F$41>Voorblad!$K$41,0,IF($U87=0,0,IF($U87<1,1/$U87,IF((EI$56-Voorblad!$F$41)/$U87-SUM($EE87:EH87)=1,1,0)))) -> 0 | EJ87: =IF(EJ$56-Voorblad!$F$41>Voorblad!$K$41,0,IF($U87=0,0,IF($U87<1,1/$U87,IF((EJ$56-Voorblad!$F$41)/$U87-SUM($EE87:EI87)=1,1,0)))) -> 0 | EK87: =IF(EK$56-Voorblad!$F$41>Voorblad!$K$41,0,IF($U87=0,0,IF($U87<1,1/$U87,IF((EK$56-Voorblad!$F$41)/$U87-SUM($EE87:EJ87)=1,1,0)))) -> 0 | EL87: =IF(EL$56-Voorblad!$F$41>Voorblad!$K$41,0,IF($U87=0,0,IF($U87<1,1/$U87,IF((EL$56-Voorblad!$F$41)/$U87-SUM($EE87:EK87)=1,1,0)))) -> 0 | EM87: =IF(EM$56-Voorblad!$F$41>Voorblad!$K$41,0,IF($U87=0,0,IF($U87<1,1/$U87,IF((EM$56-Voorblad!$F$41)/$U87-SUM($EE87:EL87)=1,1,0)))) -> 0 | ... IB87: =IF(IB$56-Voorblad!$F$41>Voorblad!$K$41,0,IF($U87=0,0,IF($U87<1,1/$U87,IF((IB$56-Voorblad!$F$41)/$U87-SUM($EE87:IA87)=1,1,0)))) -> 0
B88: 1 | F88: waarborg functie | I88: vv | K88: vervangen kabelkoker | P88: incl. nieuwe bevestigingsmiddelen | Q88: 0 | R88: m1 | S88: =$H$10*400 -> 952 | T88: =Q88*S88 -> 0 | U88: 50 | Y88: =SUM(AE88:EB88) -> 0 | AC88: =$Y88*(Voorblad!$K$44*(1+Voorblad!$K$44)^Voorblad!$K$41)/((1+Voorblad!$K$44)^Voorblad!$K$41-1) -> 0 | AE88: =EF88*($Q88*$S88)/(1+Voorblad!$K$44)^(AE$56-Voorblad!$F$41) -> 0 | AF88: =EG88*($Q88*$S88)/(1+Voorblad!$K$44)^(AF$56-Voorblad!$F$41) -> 0 | AG88: =EH88*($Q88*$S88)/(1+Voorblad!$K$44)^(AG$56-Voorblad!$F$41) -> 0 | AH88: =EI88*($Q88*$S88)/(1+Voorblad!$K$44)^(AH$56-Voorblad!$F$41) -> 0 | AI88: =EJ88*($Q88*$S88)/(1+Voorblad!$K$44)^(AI$56-Voorblad!$F$41) -> 0 | AJ88: =EK88*($Q88*$S88)/(1+Voorblad!$K$44)^(AJ$56-Voorblad!$F$41) -> 0 | AK88: =EL88*($Q88*$S88)/(1+Voorblad!$K$44)^(AK$56-Voorblad!$F$41) -> 0 | AL88: =EM88*($Q88*$S88)/(1+Voorblad!$K$44)^(AL$56-Voorblad!$F$41) -> 0 | ... EB88: =IC88*($Q88*$S88)/(1+Voorblad!$K$44)^(EB$56-Voorblad!$F$41) -> 0 | EE88: 0 | EF88: =IF(EF$56-Voorblad!$F$41>Voorblad!$K$41,0,IF($U88=0,0,IF($U88<1,1/$U88,IF((EF$56-Voorblad!$F$41)/$U88-SUM($EE88:EE88)=1,1,0)))) -> 0 | EG88: =IF(EG$56-Voorblad!$F$41>Voorblad!$K$41,0,IF($U88=0,0,IF($U88<1,1/$U88,IF((EG$56-Voorblad!$F$41)/$U88-SUM($EE88:EF88)=1,1,0)))) -> 0 | EH88: =IF(EH$56-Voorblad!$F$41>Voorblad!$K$41,0,IF($U88=0,0,IF($U88<1,1/$U88,IF((EH$56-Voorblad!$F$41)/$U88-SUM($EE88:EG88)=1,1,0)))) -> 0 | EI88: =IF(EI$56-Voorblad!$F$41>Voorblad!$K$41,0,IF($U88=0,0,IF($U88<1,1/$U88,IF((EI$56-Voorblad!$F$41)/$U88-SUM($EE88:EH88)=1,1,0)))) -> 0 | EJ88: =IF(EJ$56-Voorblad!$F$41>Voorblad!$K$41,0,IF($U88=0,0,IF($U88<1,1/$U88,IF((EJ$56-Voorblad!$F$41)/$U88-SUM($EE88:EI88)=1,1,0)))) -> 0 | EK88: =IF(EK$56-Voorblad!$F$41>Voorblad!$K$41,0,IF($U88=0,0,IF($U88<1,1/$U88,IF((EK$56-Voorblad!$F$41)/$U88-SUM($EE88:EJ88)=1,1,0)))) -> 0 | EL88: =IF(EL$56-Voorblad!$F$41>Voorblad!$K$41,0,IF($U88=0,0,IF($U88<1,1/$U88,IF((EL$56-Voorblad!$F$41)/$U88-SUM($EE88:EK88)=1,1,0)))) -> 0 | EM88: =IF(EM$56-Voorblad!$F$41>Voorblad!$K$41,0,IF($U88=0,0,IF($U88<1,1/$U88,IF((EM$56-Voorblad!$F$41)/$U88-SUM($EE88:EL88)=1,1,0)))) -> 0 | ... IB88: =IF(IB$56-Voorblad!$F$41>Voorblad!$K$41,0,IF($U88=0,0,IF($U88<1,1/$U88,IF((IB$56-Voorblad!$F$41)/$U88-SUM($EE88:IA88)=1,1,0)))) -> 0
B89: 1 | F89: waarborg functie | I89: vv | K89: vervangen geluidscherm (stijlen en panelen) | P89: incl. nieuwe bevestigingsmiddelen | Q89: 0 | R89: m2 | S89: =$H$10*400 -> 952 | T89: =Q89*S89 -> 0 | U89: 50 | Y89: =SUM(AE89:EB89) -> 0 | AC89: =$Y89*(Voorblad!$K$44*(1+Voorblad!$K$44)^Voorblad!$K$41)/((1+Voorblad!$K$44)^Voorblad!$K$41-1) -> 0 | AE89: =EF89*($Q89*$S89)/(1+Voorblad!$K$44)^(AE$56-Voorblad!$F$41) -> 0 | AF89: =EG89*($Q89*$S89)/(1+Voorblad!$K$44)^(AF$56-Voorblad!$F$41) -> 0 | AG89: =EH89*($Q89*$S89)/(1+Voorblad!$K$44)^(AG$56-Voorblad!$F$41) -> 0 | AH89: =EI89*($Q89*$S89)/(1+Voorblad!$K$44)^(AH$56-Voorblad!$F$41) -> 0 | AI89: =EJ89*($Q89*$S89)/(1+Voorblad!$K$44)^(AI$56-Voorblad!$F$41) -> 0 | AJ89: =EK89*($Q89*$S89)/(1+Voorblad!$K$44)^(AJ$56-Voorblad!$F$41) -> 0 | AK89: =EL89*($Q89*$S89)/(1+Voorblad!$K$44)^(AK$56-Voorblad!$F$41) -> 0 | AL89: =EM89*($Q89*$S89)/(1+Voorblad!$K$44)^(AL$56-Voorblad!$F$41) -> 0 | ... EB89: =IC89*($Q89*$S89)/(1+Voorblad!$K$44)^(EB$56-Voorblad!$F$41) -> 0 | EE89: 0 | EF89: =IF(EF$56-Voorblad!$F$41>Voorblad!$K$41,0,IF($U89=0,0,IF($U89<1,1/$U89,IF((EF$56-Voorblad!$F$41)/$U89-SUM($EE89:EE89)=1,1,0)))) -> 0 | EG89: =IF(EG$56-Voorblad!$F$41>Voorblad!$K$41,0,IF($U89=0,0,IF($U89<1,1/$U89,IF((EG$56-Voorblad!$F$41)/$U89-SUM($EE89:EF89)=1,1,0)))) -> 0 | EH89: =IF(EH$56-Voorblad!$F$41>Voorblad!$K$41,0,IF($U89=0,0,IF($U89<1,1/$U89,IF((EH$56-Voorblad!$F$41)/$U89-SUM($EE89:EG89)=1,1,0)))) -> 0 | EI89: =IF(EI$56-Voorblad!$F$41>Voorblad!$K$41,0,IF($U89=0,0,IF($U89<1,1/$U89,IF((EI$56-Voorblad!$F$41)/$U89-SUM($EE89:EH89)=1,1,0)))) -> 0 | EJ89: =IF(EJ$56-Voorblad!$F$41>Voorblad!$K$41,0,IF($U89=0,0,IF($U89<1,1/$U89,IF((EJ$56-Voorblad!$F$41)/$U89-SUM($EE89:EI89)=1,1,0)))) -> 0 | EK89: =IF(EK$56-Voorblad!$F$41>Voorblad!$K$41,0,IF($U89=0,0,IF($U89<1,1/$U89,IF((EK$56-Voorblad!$F$41)/$U89-SUM($EE89:EJ89)=1,1,0)))) -> 0 | EL89: =IF(EL$56-Voorblad!$F$41>Voorblad!$K$41,0,IF($U89=0,0,IF($U89<1,1/$U89,IF((EL$56-Voorblad!$F$41)/$U89-SUM($EE89:EK89)=1,1,0)))) -> 0 | EM89: =IF(EM$56-Voorblad!$F$41>Voorblad!$K$41,0,IF($U89=0,0,IF($U89<1,1/$U89,IF((EM$56-Voorblad!$F$41)/$U89-SUM($EE89:EL89)=1,1,0)))) -> 0 | ... IB89: =IF(IB$56-Voorblad!$F$41>Voorblad!$K$41,0,IF($U89=0,0,IF($U89<1,1/$U89,IF((IB$56-Voorblad!$F$41)/$U89-SUM($EE89:IA89)=1,1,0)))) -> 0
B90: 1 | F90: waarborg functie | I90: vv | K90: vervangen rubberopleggingen kunstwerk | O90: incl. vijzelwerk | Q90: 0 | R90: st | S90: =$H$10*1500 -> 3570 | T90: =Q90*S90 -> 0 | U90: 50 | Y90: =SUM(AE90:EB90) -> 0 | AC90: =$Y90*(Voorblad!$K$44*(1+Voorblad!$K$44)^Voorblad!$K$41)/((1+Voorblad!$K$44)^Voorblad!$K$41-1) -> 0 | AE90: =EF90*($Q90*$S90)/(1+Voorblad!$K$44)^(AE$56-Voorblad!$F$41) -> 0 | AF90: =EG90*($Q90*$S90)/(1+Voorblad!$K$44)^(AF$56-Voorblad!$F$41) -> 0 | AG90: =EH90*($Q90*$S90)/(1+Voorblad!$K$44)^(AG$56-Voorblad!$F$41) -> 0 | AH90: =EI90*($Q90*$S90)/(1+Voorblad!$K$44)^(AH$56-Voorblad!$F$41) -> 0 | AI90: =EJ90*($Q90*$S90)/(1+Voorblad!$K$44)^(AI$56-Voorblad!$F$41) -> 0 | AJ90: =EK90*($Q90*$S90)/(1+Voorblad!$K$44)^(AJ$56-Voorblad!$F$41) -> 0 | AK90: =EL90*($Q90*$S90)/(1+Voorblad!$K$44)^(AK$56-Voorblad!$F$41) -> 0 | AL90: =EM90*($Q90*$S90)/(1+Voorblad!$K$44)^(AL$56-Voorblad!$F$41) -> 0 | ... EB90: =IC90*($Q90*$S90)/(1+Voorblad!$K$44)^(EB$56-Voorblad!$F$41) -> 0 | EE90: 0 | EF90: =IF(EF$56-Voorblad!$F$41>Voorblad!$K$41,0,IF($U90=0,0,IF($U90<1,1/$U90,IF((EF$56-Voorblad!$F$41)/$U90-SUM($EE90:EE90)=1,1,0)))) -> 0 | EG90: =IF(EG$56-Voorblad!$F$41>Voorblad!$K$41,0,IF($U90=0,0,IF($U90<1,1/$U90,IF((EG$56-Voorblad!$F$41)/$U90-SUM($EE90:EF90)=1,1,0)))) -> 0 | EH90: =IF(EH$56-Voorblad!$F$41>Voorblad!$K$41,0,IF($U90=0,0,IF($U90<1,1/$U90,IF((EH$56-Voorblad!$F$41)/$U90-SUM($EE90:EG90)=1,1,0)))) -> 0 | EI90: =IF(EI$56-Voorblad!$F$41>Voorblad!$K$41,0,IF($U90=0,0,IF($U90<1,1/$U90,IF((EI$56-Voorblad!$F$41)/$U90-SUM($EE90:EH90)=1,1,0)))) -> 0 | EJ90: =IF(EJ$56-Voorblad!$F$41>Voorblad!$K$41,0,IF($U90=0,0,IF($U90<1,1/$U90,IF((EJ$56-Voorblad!$F$41)/$U90-SUM($EE90:EI90)=1,1,0)))) -> 0 | EK90: =IF(EK$56-Voorblad!$F$41>Voorblad!$K$41,0,IF($U90=0,0,IF($U90<1,1/$U90,IF((EK$56-Voorblad!$F$41)/$U90-SUM($EE90:EJ90)=1,1,0)))) -> 0 | EL90: =IF(EL$56-Voorblad!$F$41>Voorblad!$K$41,0,IF($U90=0,0,IF($U90<1,1/$U90,IF((EL$56-Voorblad!$F$41)/$U90-SUM($EE90:EK90)=1,1,0)))) -> 0 | EM90: =IF(EM$56-Voorblad!$F$41>Voorblad!$K$41,0,IF($U90=0,0,IF($U90<1,1/$U90,IF((EM$56-Voorblad!$F$41)/$U90-SUM($EE90:EL90)=1,1,0)))) -> 0 | ... IB90: =IF(IB$56-Voorblad!$F$41>Voorblad!$K$41,0,IF($U90=0,0,IF($U90<1,1/$U90,IF((IB$56-Voorblad!$F$41)/$U90-SUM($EE90:IA90)=1,1,0)))) -> 0
B91: 1 | F91: waarborg functie | I91: vv | K91: vervangen pot/bolsegment/rol- opleggingen kunstwerk | O91: incl. vijzelwerk | Q91: 0 | R91: st | S91: =$H$10*10000 -> 23800 | T91: =Q91*S91 -> 0 | U91: 50 | Y91: =SUM(AE91:EB91) -> 0 | AC91: =$Y91*(Voorblad!$K$44*(1+Voorblad!$K$44)^Voorblad!$K$41)/((1+Voorblad!$K$44)^Voorblad!$K$41-1) -> 0 | AE91: =EF91*($Q91*$S91)/(1+Voorblad!$K$44)^(AE$56-Voorblad!$F$41) -> 0 | AF91: =EG91*($Q91*$S91)/(1+Voorblad!$K$44)^(AF$56-Voorblad!$F$41) -> 0 | AG91: =EH91*($Q91*$S91)/(1+Voorblad!$K$44)^(AG$56-Voorblad!$F$41) -> 0 | AH91: =EI91*($Q91*$S91)/(1+Voorblad!$K$44)^(AH$56-Voorblad!$F$41) -> 0 | AI91: =EJ91*($Q91*$S91)/(1+Voorblad!$K$44)^(AI$56-Voorblad!$F$41) -> 0 | AJ91: =EK91*($Q91*$S91)/(1+Voorblad!$K$44)^(AJ$56-Voorblad!$F$41) -> 0 | AK91: =EL91*($Q91*$S91)/(1+Voorblad!$K$44)^(AK$56-Voorblad!$F$41) -> 0 | AL91: =EM91*($Q91*$S91)/(1+Voorblad!$K$44)^(AL$56-Voorblad!$F$41) -> 0 | ... EB91: =IC91*($Q91*$S91)/(1+Voorblad!$K$44)^(EB$56-Voorblad!$F$41) -> 0 | EE91: 0 | EF91: =IF(EF$56-Voorblad!$F$41>Voorblad!$K$41,0,IF($U91=0,0,IF($U91<1,1/$U91,IF((EF$56-Voorblad!$F$41)/$U91-SUM($EE91:EE91)=1,1,0)))) -> 0 | EG91: =IF(EG$56-Voorblad!$F$41>Voorblad!$K$41,0,IF($U91=0,0,IF($U91<1,1/$U91,IF((EG$56-Voorblad!$F$41)/$U91-SUM($EE91:EF91)=1,1,0)))) -> 0 | EH91: =IF(EH$56-Voorblad!$F$41>Voorblad!$K$41,0,IF($U91=0,0,IF($U91<1,1/$U91,IF((EH$56-Voorblad!$F$41)/$U91-SUM($EE91:EG91)=1,1,0)))) -> 0 | EI91: =IF(EI$56-Voorblad!$F$41>Voorblad!$K$41,0,IF($U91=0,0,IF($U91<1,1/$U91,IF((EI$56-Voorblad!$F$41)/$U91-SUM($EE91:EH91)=1,1,0)))) -> 0 | EJ91: =IF(EJ$56-Voorblad!$F$41>Voorblad!$K$41,0,IF($U91=0,0,IF($U91<1,1/$U91,IF((EJ$56-Voorblad!$F$41)/$U91-SUM($EE91:EI91)=1,1,0)))) -> 0 | EK91: =IF(EK$56-Voorblad!$F$41>Voorblad!$K$41,0,IF($U91=0,0,IF($U91<1,1/$U91,IF((EK$56-Voorblad!$F$41)/$U91-SUM($EE91:EJ91)=1,1,0)))) -> 0 | EL91: =IF(EL$56-Voorblad!$F$41>Voorblad!$K$41,0,IF($U91=0,0,IF($U91<1,1/$U91,IF((EL$56-Voorblad!$F$41)/$U91-SUM($EE91:EK91)=1,1,0)))) -> 0 | EM91: =IF(EM$56-Voorblad!$F$41>Voorblad!$K$41,0,IF($U91=0,0,IF($U91<1,1/$U91,IF((EM$56-Voorblad!$F$41)/$U91-SUM($EE91:EL91)=1,1,0)))) -> 0 | ... IB91: =IF(IB$56-Voorblad!$F$41>Voorblad!$K$41,0,IF($U91=0,0,IF($U91<1,1/$U91,IF((IB$56-Voorblad!$F$41)/$U91-SUM($EE91:IA91)=1,1,0)))) -> 0
B92: 1 | F92: waarborg functie | I92: vv | K92: vervangen rubber lijnopleggingen kunstwerk | O92: incl. vijzelwerk | Q92: 0 | R92: m1 | S92: =$H$10*700 -> 1666 | T92: =Q92*S92 -> 0 | U92: 50 | Y92: =SUM(AE92:EB92) -> 0 | AC92: =$Y92*(Voorblad!$K$44*(1+Voorblad!$K$44)^Voorblad!$K$41)/((1+Voorblad!$K$44)^Voorblad!$K$41-1) -> 0 | AE92: =EF92*($Q92*$S92)/(1+Voorblad!$K$44)^(AE$56-Voorblad!$F$41) -> 0 | AF92: =EG92*($Q92*$S92)/(1+Voorblad!$K$44)^(AF$56-Voorblad!$F$41) -> 0 | AG92: =EH92*($Q92*$S92)/(1+Voorblad!$K$44)^(AG$56-Voorblad!$F$41) -> 0 | AH92: =EI92*($Q92*$S92)/(1+Voorblad!$K$44)^(AH$56-Voorblad!$F$41) -> 0 | AI92: =EJ92*($Q92*$S92)/(1+Voorblad!$K$44)^(AI$56-Voorblad!$F$41) -> 0 | AJ92: =EK92*($Q92*$S92)/(1+Voorblad!$K$44)^(AJ$56-Voorblad!$F$41) -> 0 | AK92: =EL92*($Q92*$S92)/(1+Voorblad!$K$44)^(AK$56-Voorblad!$F$41) -> 0 | AL92: =EM92*($Q92*$S92)/(1+Voorblad!$K$44)^(AL$56-Voorblad!$F$41) -> 0 | ... EB92: =IC92*($Q92*$S92)/(1+Voorblad!$K$44)^(EB$56-Voorblad!$F$41) -> 0 | EE92: 0 | EF92: =IF(EF$56-Voorblad!$F$41>Voorblad!$K$41,0,IF($U92=0,0,IF($U92<1,1/$U92,IF((EF$56-Voorblad!$F$41)/$U92-SUM($EE92:EE92)=1,1,0)))) -> 0 | EG92: =IF(EG$56-Voorblad!$F$41>Voorblad!$K$41,0,IF($U92=0,0,IF($U92<1,1/$U92,IF((EG$56-Voorblad!$F$41)/$U92-SUM($EE92:EF92)=1,1,0)))) -> 0 | EH92: =IF(EH$56-Voorblad!$F$41>Voorblad!$K$41,0,IF($U92=0,0,IF($U92<1,1/$U92,IF((EH$56-Voorblad!$F$41)/$U92-SUM($EE92:EG92)=1,1,0)))) -> 0 | EI92: =IF(EI$56-Voorblad!$F$41>Voorblad!$K$41,0,IF($U92=0,0,IF($U92<1,1/$U92,IF((EI$56-Voorblad!$F$41)/$U92-SUM($EE92:EH92)=1,1,0)))) -> 0 | EJ92: =IF(EJ$56-Voorblad!$F$41>Voorblad!$K$41,0,IF($U92=0,0,IF($U92<1,1/$U92,IF((EJ$56-Voorblad!$F$41)/$U92-SUM($EE92:EI92)=1,1,0)))) -> 0 | EK92: =IF(EK$56-Voorblad!$F$41>Voorblad!$K$41,0,IF($U92=0,0,IF($U92<1,1/$U92,IF((EK$56-Voorblad!$F$41)/$U92-SUM($EE92:EJ92)=1,1,0)))) -> 0 | EL92: =IF(EL$56-Voorblad!$F$41>Voorblad!$K$41,0,IF($U92=0,0,IF($U92<1,1/$U92,IF((EL$56-Voorblad!$F$41)/$U92-SUM($EE92:EK92)=1,1,0)))) -> 0 | EM92: =IF(EM$56-Voorblad!$F$41>Voorblad!$K$41,0,IF($U92=0,0,IF($U92<1,1/$U92,IF((EM$56-Voorblad!$F$41)/$U92-SUM($EE92:EL92)=1,1,0)))) -> 0 | ... IB92: =IF(IB$56-Voorblad!$F$41>Voorblad!$K$41,0,IF($U92=0,0,IF($U92<1,1/$U92,IF((IB$56-Voorblad!$F$41)/$U92-SUM($EE92:IA92)=1,1,0)))) -> 0
B93: 1 | F93: waarborg functie | I93: vv | K93: vervangen lijnopleggingen staal (railframe) | O93: incl. vijzelwerk | Q93: 0 | R93: m1 | S93: =$H$10*700 -> 1666 | T93: =Q93*S93 -> 0 | U93: 50 | Y93: =SUM(AE93:EB93) -> 0 | AC93: =$Y93*(Voorblad!$K$44*(1+Voorblad!$K$44)^Voorblad!$K$41)/((1+Voorblad!$K$44)^Voorblad!$K$41-1) -> 0 | AE93: =EF93*($Q93*$S93)/(1+Voorblad!$K$44)^(AE$56-Voorblad!$F$41) -> 0 | AF93: =EG93*($Q93*$S93)/(1+Voorblad!$K$44)^(AF$56-Voorblad!$F$41) -> 0 | AG93: =EH93*($Q93*$S93)/(1+Voorblad!$K$44)^(AG$56-Voorblad!$F$41) -> 0 | AH93: =EI93*($Q93*$S93)/(1+Voorblad!$K$44)^(AH$56-Voorblad!$F$41) -> 0 | AI93: =EJ93*($Q93*$S93)/(1+Voorblad!$K$44)^(AI$56-Voorblad!$F$41) -> 0 | AJ93: =EK93*($Q93*$S93)/(1+Voorblad!$K$44)^(AJ$56-Voorblad!$F$41) -> 0 | AK93: =EL93*($Q93*$S93)/(1+Voorblad!$K$44)^(AK$56-Voorblad!$F$41) -> 0 | AL93: =EM93*($Q93*$S93)/(1+Voorblad!$K$44)^(AL$56-Voorblad!$F$41) -> 0 | ... EB93: =IC93*($Q93*$S93)/(1+Voorblad!$K$44)^(EB$56-Voorblad!$F$41) -> 0 | EE93: 0 | EF93: =IF(EF$56-Voorblad!$F$41>Voorblad!$K$41,0,IF($U93=0,0,IF($U93<1,1/$U93,IF((EF$56-Voorblad!$F$41)/$U93-SUM($EE93:EE93)=1,1,0)))) -> 0 | EG93: =IF(EG$56-Voorblad!$F$41>Voorblad!$K$41,0,IF($U93=0,0,IF($U93<1,1/$U93,IF((EG$56-Voorblad!$F$41)/$U93-SUM($EE93:EF93)=1,1,0)))) -> 0 | EH93: =IF(EH$56-Voorblad!$F$41>Voorblad!$K$41,0,IF($U93=0,0,IF($U93<1,1/$U93,IF((EH$56-Voorblad!$F$41)/$U93-SUM($EE93:EG93)=1,1,0)))) -> 0 | EI93: =IF(EI$56-Voorblad!$F$41>Voorblad!$K$41,0,IF($U93=0,0,IF($U93<1,1/$U93,IF((EI$56-Voorblad!$F$41)/$U93-SUM($EE93:EH93)=1,1,0)))) -> 0 | EJ93: =IF(EJ$56-Voorblad!$F$41>Voorblad!$K$41,0,IF($U93=0,0,IF($U93<1,1/$U93,IF((EJ$56-Voorblad!$F$41)/$U93-SUM($EE93:EI93)=1,1,0)))) -> 0 | EK93: =IF(EK$56-Voorblad!$F$41>Voorblad!$K$41,0,IF($U93=0,0,IF($U93<1,1/$U93,IF((EK$56-Voorblad!$F$41)/$U93-SUM($EE93:EJ93)=1,1,0)))) -> 0 | EL93: =IF(EL$56-Voorblad!$F$41>Voorblad!$K$41,0,IF($U93=0,0,IF($U93<1,1/$U93,IF((EL$56-Voorblad!$F$41)/$U93-SUM($EE93:EK93)=1,1,0)))) -> 0 | EM93: =IF(EM$56-Voorblad!$F$41>Voorblad!$K$41,0,IF($U93=0,0,IF($U93<1,1/$U93,IF((EM$56-Voorblad!$F$41)/$U93-SUM($EE93:EL93)=1,1,0)))) -> 0 | ... IB93: =IF(IB$56-Voorblad!$F$41>Voorblad!$K$41,0,IF($U93=0,0,IF($U93<1,1/$U93,IF((IB$56-Voorblad!$F$41)/$U93-SUM($EE93:IA93)=1,1,0)))) -> 0
B94: 1 | F94: waarborg functie | I94: go | K94: aanpassen kunstwerk door wijziging beleid door wet- en regelgeving | Q94: 0 | R94: m1 kw/sp | S94: =$H$10*250 -> 595 | T94: =Q94*S94 -> 0 | U94: 50 | Y94: =SUM(AE94:EB94) -> 0 | AC94: =$Y94*(Voorblad!$K$44*(1+Voorblad!$K$44)^Voorblad!$K$41)/((1+Voorblad!$K$44)^Voorblad!$K$41-1) -> 0 | AE94: =EF94*($Q94*$S94)/(1+Voorblad!$K$44)^(AE$56-Voorblad!$F$41) -> 0 | AF94: =EG94*($Q94*$S94)/(1+Voorblad!$K$44)^(AF$56-Voorblad!$F$41) -> 0 | AG94: =EH94*($Q94*$S94)/(1+Voorblad!$K$44)^(AG$56-Voorblad!$F$41) -> 0 | AH94: =EI94*($Q94*$S94)/(1+Voorblad!$K$44)^(AH$56-Voorblad!$F$41) -> 0 | AI94: =EJ94*($Q94*$S94)/(1+Voorblad!$K$44)^(AI$56-Voorblad!$F$41) -> 0 | AJ94: =EK94*($Q94*$S94)/(1+Voorblad!$K$44)^(AJ$56-Voorblad!$F$41) -> 0 | AK94: =EL94*($Q94*$S94)/(1+Voorblad!$K$44)^(AK$56-Voorblad!$F$41) -> 0 | AL94: =EM94*($Q94*$S94)/(1+Voorblad!$K$44)^(AL$56-Voorblad!$F$41) -> 0 | ... EB94: =IC94*($Q94*$S94)/(1+Voorblad!$K$44)^(EB$56-Voorblad!$F$41) -> 0 | EE94: 0 | EF94: =IF(EF$56-Voorblad!$F$41>Voorblad!$K$41,0,IF($U94=0,0,IF($U94<1,1/$U94,IF((EF$56-Voorblad!$F$41)/$U94-SUM($EE94:EE94)=1,1,0)))) -> 0 | EG94: =IF(EG$56-Voorblad!$F$41>Voorblad!$K$41,0,IF($U94=0,0,IF($U94<1,1/$U94,IF((EG$56-Voorblad!$F$41)/$U94-SUM($EE94:EF94)=1,1,0)))) -> 0 | EH94: =IF(EH$56-Voorblad!$F$41>Voorblad!$K$41,0,IF($U94=0,0,IF($U94<1,1/$U94,IF((EH$56-Voorblad!$F$41)/$U94-SUM($EE94:EG94)=1,1,0)))) -> 0 | EI94: =IF(EI$56-Voorblad!$F$41>Voorblad!$K$41,0,IF($U94=0,0,IF($U94<1,1/$U94,IF((EI$56-Voorblad!$F$41)/$U94-SUM($EE94:EH94)=1,1,0)))) -> 0 | EJ94: =IF(EJ$56-Voorblad!$F$41>Voorblad!$K$41,0,IF($U94=0,0,IF($U94<1,1/$U94,IF((EJ$56-Voorblad!$F$41)/$U94-SUM($EE94:EI94)=1,1,0)))) -> 0 | EK94: =IF(EK$56-Voorblad!$F$41>Voorblad!$K$41,0,IF($U94=0,0,IF($U94<1,1/$U94,IF((EK$56-Voorblad!$F$41)/$U94-SUM($EE94:EJ94)=1,1,0)))) -> 0 | EL94: =IF(EL$56-Voorblad!$F$41>Voorblad!$K$41,0,IF($U94=0,0,IF($U94<1,1/$U94,IF((EL$56-Voorblad!$F$41)/$U94-SUM($EE94:EK94)=1,1,0)))) -> 0 | EM94: =IF(EM$56-Voorblad!$F$41>Voorblad!$K$41,0,IF($U94=0,0,IF($U94<1,1/$U94,IF((EM$56-Voorblad!$F$41)/$U94-SUM($EE94:EL94)=1,1,0)))) -> 0 | ... IB94: =IF(IB$56-Voorblad!$F$41>Voorblad!$K$41,0,IF($U94=0,0,IF($U94<1,1/$U94,IF((IB$56-Voorblad!$F$41)/$U94-SUM($EE94:IA94)=1,1,0)))) -> 0
B95: totaal groot cyclisch onderhoud | Y95: =SUM(Y76:Y94) -> 0 | AA95: =SUM(AA76:AA94) -> 0 | AC95: =$Y95*(Voorblad!$K$44*(1+Voorblad!$K$44)^Voorblad!$K$41)/((1+Voorblad!$K$44)^Voorblad!$K$41-1) -> 0
B97: 1 | F97: vervanging | I97: vv | K97: vervangen kunstwerk | O97: theoretische levensduur 100 jaar | Q97: 0 | R97: post | S97: 0 | T97: =Q97*S97 -> 0 | U97: 1 | V97: =Voorblad!F24+100 -> 2053 | W97: =Voorblad!K73 -> 0 | Y97: =SUM(AE97:EB97) -> 0 | AC97: =$Y97*(Voorblad!$K$44*(1+Voorblad!$K$44)^Voorblad!$K$41)/((1+Voorblad!$K$44)^Voorblad!$K$41-1) -> 0 | AE97: =IF($W97=AE$56,EF97*($Q97*$S97)/(1+Voorblad!$K$44)^(AE$56-Voorblad!$F$41),0) -> 0 | AF97: =IF($W97=AF$56,EG97*($Q97*$S97)/(1+Voorblad!$K$44)^(AF$56-Voorblad!$F$41),0) -> 0 | AG97: =IF($W97=AG$56,EH97*($Q97*$S97)/(1+Voorblad!$K$44)^(AG$56-Voorblad!$F$41),0) -> 0 | AH97: =IF($W97=AH$56,EI97*($Q97*$S97)/(1+Voorblad!$K$44)^(AH$56-Voorblad!$F$41),0) -> 0 | AI97: =IF($W97=AI$56,EJ97*($Q97*$S97)/(1+Voorblad!$K$44)^(AI$56-Voorblad!$F$41),0) -> 0 | AJ97: =IF($W97=AJ$56,EK97*($Q97*$S97)/(1+Voorblad!$K$44)^(AJ$56-Voorblad!$F$41),0) -> 0 | AK97: =IF($W97=AK$56,EL97*($Q97*$S97)/(1+Voorblad!$K$44)^(AK$56-Voorblad!$F$41),0) -> 0 | AL97: =IF($W97=AL$56,EM97*($Q97*$S97)/(1+Voorblad!$K$44)^(AL$56-Voorblad!$F$41),0) -> 0 | ... EB97: =IF($W97=EB$56,IC97*($Q97*$S97)/(1+Voorblad!$K$44)^(EB$56-Voorblad!$F$41),0) -> 0 | EE97: 0 | EF97: =IF(EF$56-Voorblad!$F$41>Voorblad!$K$41,0,IF($U97=0,0,IF($U97<1,1/$U97,IF((EF$56-Voorblad!$F$41)/$U97-SUM($EE97:EE97)=1,1,0)))) -> 0 | EG97: =IF(EG$56-Voorblad!$F$41>Voorblad!$K$41,0,IF($U97=0,0,IF($U97<1,1/$U97,IF((EG$56-Voorblad!$F$41)/$U97-SUM($EE97:EF97)=1,1,0)))) -> 1 | EH97: =IF(EH$56-Voorblad!$F$41>Voorblad!$K$41,0,IF($U97=0,0,IF($U97<1,1/$U97,IF((EH$56-Voorblad!$F$41)/$U97-SUM($EE97:EG97)=1,1,0)))) -> 1 | EI97: =IF(EI$56-Voorblad!$F$41>Voorblad!$K$41,0,IF($U97=0,0,IF($U97<1,1/$U97,IF((EI$56-Voorblad!$F$41)/$U97-SUM($EE97:EH97)=1,1,0)))) -> 1 | EJ97: =IF(EJ$56-Voorblad!$F$41>Voorblad!$K$41,0,IF($U97=0,0,IF($U97<1,1/$U97,IF((EJ$56-Voorblad!$F$41)/$U97-SUM($EE97:EI97)=1,1,0)))) -> 1 | EK97: =IF(EK$56-Voorblad!$F$41>Voorblad!$K$41,0,IF($U97=0,0,IF($U97<1,1/$U97,IF((EK$56-Voorblad!$F$41)/$U97-SUM($EE97:EJ97)=1,1,0)))) -> 1 | EL97: =IF(EL$56-Voorblad!$F$41>Voorblad!$K$41,0,IF($U97=0,0,IF($U97<1,1/$U97,IF((EL$56-Voorblad!$F$41)/$U97-SUM($EE97:EK97)=1,1,0)))) -> 1 | EM97: =IF(EM$56-Voorblad!$F$41>Voorblad!$K$41,0,IF($U97=0,0,IF($U97<1,1/$U97,IF((EM$56-Voorblad!$F$41)/$U97-SUM($EE97:EL97)=1,1,0)))) -> 1 | ... IB97: =IF(IB$56-Voorblad!$F$41>Voorblad!$K$41,0,IF($U97=0,0,IF($U97<1,1/$U97,IF((IB$56-Voorblad!$F$41)/$U97-SUM($EE97:IA97)=1,1,0)))) -> 0
B98: 1 | F98: vervanging | I98: vv | K98: vervangen inspectiewagen | O98: theoretische levensduur 60 jaar | Q98: 0 | R98: post | S98: 0 | T98: =Q98*S98 -> 0 | U98: 1 | W98: 0 | Y98: =SUM(AE98:EB98) -> 0 | AC98: =$Y98*(Voorblad!$K$44*(1+Voorblad!$K$44)^Voorblad!$K$41)/((1+Voorblad!$K$44)^Voorblad!$K$41-1) -> 0 | AE98: =IF($W98=AE$56,EF98*($Q98*$S98)/(1+Voorblad!$K$44)^(AE$56-Voorblad!$F$41),0) -> 0 | AF98: =IF($W98=AF$56,EG98*($Q98*$S98)/(1+Voorblad!$K$44)^(AF$56-Voorblad!$F$41),0) -> 0 | AG98: =IF($W98=AG$56,EH98*($Q98*$S98)/(1+Voorblad!$K$44)^(AG$56-Voorblad!$F$41),0) -> 0 | AH98: =IF($W98=AH$56,EI98*($Q98*$S98)/(1+Voorblad!$K$44)^(AH$56-Voorblad!$F$41),0) -> 0 | AI98: =IF($W98=AI$56,EJ98*($Q98*$S98)/(1+Voorblad!$K$44)^(AI$56-Voorblad!$F$41),0) -> 0 | AJ98: =IF($W98=AJ$56,EK98*($Q98*$S98)/(1+Voorblad!$K$44)^(AJ$56-Voorblad!$F$41),0) -> 0 | AK98: =IF($W98=AK$56,EL98*($Q98*$S98)/(1+Voorblad!$K$44)^(AK$56-Voorblad!$F$41),0) -> 0 | AL98: =IF($W98=AL$56,EM98*($Q98*$S98)/(1+Voorblad!$K$44)^(AL$56-Voorblad!$F$41),0) -> 0 | ... EB98: =IF($W98=EB$56,IC98*($Q98*$S98)/(1+Voorblad!$K$44)^(EB$56-Voorblad!$F$41),0) -> 0 | EE98: 0 | EF98: =IF(EF$56-Voorblad!$F$41>Voorblad!$K$41,0,IF($U98=0,0,IF($U98<1,1/$U98,IF((EF$56-Voorblad!$F$41)/$U98-SUM($EE98:EE98)=1,1,0)))) -> 0 | EG98: =IF(EG$56-Voorblad!$F$41>Voorblad!$K$41,0,IF($U98=0,0,IF($U98<1,1/$U98,IF((EG$56-Voorblad!$F$41)/$U98-SUM($EE98:EF98)=1,1,0)))) -> 1 | EH98: =IF(EH$56-Voorblad!$F$41>Voorblad!$K$41,0,IF($U98=0,0,IF($U98<1,1/$U98,IF((EH$56-Voorblad!$F$41)/$U98-SUM($EE98:EG98)=1,1,0)))) -> 1 | EI98: =IF(EI$56-Voorblad!$F$41>Voorblad!$K$41,0,IF($U98=0,0,IF($U98<1,1/$U98,IF((EI$56-Voorblad!$F$41)/$U98-SUM($EE98:EH98)=1,1,0)))) -> 1 | EJ98: =IF(EJ$56-Voorblad!$F$41>Voorblad!$K$41,0,IF($U98=0,0,IF($U98<1,1/$U98,IF((EJ$56-Voorblad!$F$41)/$U98-SUM($EE98:EI98)=1,1,0)))) -> 1 | EK98: =IF(EK$56-Voorblad!$F$41>Voorblad!$K$41,0,IF($U98=0,0,IF($U98<1,1/$U98,IF((EK$56-Voorblad!$F$41)/$U98-SUM($EE98:EJ98)=1,1,0)))) -> 1 | EL98: =IF(EL$56-Voorblad!$F$41>Voorblad!$K$41,0,IF($U98=0,0,IF($U98<1,1/$U98,IF((EL$56-Voorblad!$F$41)/$U98-SUM($EE98:EK98)=1,1,0)))) -> 1 | EM98: =IF(EM$56-Voorblad!$F$41>Voorblad!$K$41,0,IF($U98=0,0,IF($U98<1,1/$U98,IF((EM$56-Voorblad!$F$41)/$U98-SUM($EE98:EL98)=1,1,0)))) -> 1 | ... IB98: =IF(IB$56-Voorblad!$F$41>Voorblad!$K$41,0,IF($U98=0,0,IF($U98<1,1/$U98,IF((IB$56-Voorblad!$F$41)/$U98-SUM($EE98:IA98)=1,1,0)))) -> 0
B99: 1 | F99: uitstel conservering | I99: xoc | K99: extra kosten door 5 jaar uitstel conservering kunstwerk (incl. leuning) | O99: obv 25% van de conserveringskosten | Q99: =Q80 -> 0 | R99: m2 | S99: =25%*$S$80 -> 59.5 | T99: =Q99*S99 -> 0 | U99: 1 | W99: 0 | Y99: =SUM(AE99:EB99) -> 0 | AC99: =$Y99*(Voorblad!$K$44*(1+Voorblad!$K$44)^Voorblad!$K$41)/((1+Voorblad!$K$44)^Voorblad!$K$41-1) -> 0 | AE99: =IF($W99=AE$56,EF99*($Q99*$S99)/(1+Voorblad!$K$44)^(AE$56-Voorblad!$F$41),0) -> 0 | AF99: =IF($W99=AF$56,EG99*($Q99*$S99)/(1+Voorblad!$K$44)^(AF$56-Voorblad!$F$41),0) -> 0 | AG99: =IF($W99=AG$56,EH99*($Q99*$S99)/(1+Voorblad!$K$44)^(AG$56-Voorblad!$F$41),0) -> 0 | AH99: =IF($W99=AH$56,EI99*($Q99*$S99)/(1+Voorblad!$K$44)^(AH$56-Voorblad!$F$41),0) -> 0 | AI99: =IF($W99=AI$56,EJ99*($Q99*$S99)/(1+Voorblad!$K$44)^(AI$56-Voorblad!$F$41),0) -> 0 | AJ99: =IF($W99=AJ$56,EK99*($Q99*$S99)/(1+Voorblad!$K$44)^(AJ$56-Voorblad!$F$41),0) -> 0 | AK99: =IF($W99=AK$56,EL99*($Q99*$S99)/(1+Voorblad!$K$44)^(AK$56-Voorblad!$F$41),0) -> 0 | AL99: =IF($W99=AL$56,EM99*($Q99*$S99)/(1+Voorblad!$K$44)^(AL$56-Voorblad!$F$41),0) -> 0 | ... EB99: =IF($W99=EB$56,IC99*($Q99*$S99)/(1+Voorblad!$K$44)^(EB$56-Voorblad!$F$41),0) -> 0 | EE99: 0 | EF99: =IF(EF$56-Voorblad!$F$41>Voorblad!$K$41,0,IF($U99=0,0,IF($U99<1,1/$U99,IF((EF$56-Voorblad!$F$41)/$U99-SUM($EE99:EE99)=1,1,0)))) -> 0 | EG99: =IF(EG$56-Voorblad!$F$41>Voorblad!$K$41,0,IF($U99=0,0,IF($U99<1,1/$U99,IF((EG$56-Voorblad!$F$41)/$U99-SUM($EE99:EF99)=1,1,0)))) -> 1 | EH99: =IF(EH$56-Voorblad!$F$41>Voorblad!$K$41,0,IF($U99=0,0,IF($U99<1,1/$U99,IF((EH$56-Voorblad!$F$41)/$U99-SUM($EE99:EG99)=1,1,0)))) -> 1 | EI99: =IF(EI$56-Voorblad!$F$41>Voorblad!$K$41,0,IF($U99=0,0,IF($U99<1,1/$U99,IF((EI$56-Voorblad!$F$41)/$U99-SUM($EE99:EH99)=1,1,0)))) -> 1 | EJ99: =IF(EJ$56-Voorblad!$F$41>Voorblad!$K$41,0,IF($U99=0,0,IF($U99<1,1/$U99,IF((EJ$56-Voorblad!$F$41)/$U99-SUM($EE99:EI99)=1,1,0)))) -> 1 | EK99: =IF(EK$56-Voorblad!$F$41>Voorblad!$K$41,0,IF($U99=0,0,IF($U99<1,1/$U99,IF((EK$56-Voorblad!$F$41)/$U99-SUM($EE99:EJ99)=1,1,0)))) -> 1 | EL99: =IF(EL$56-Voorblad!$F$41>Voorblad!$K$41,0,IF($U99=0,0,IF($U99<1,1/$U99,IF((EL$56-Voorblad!$F$41)/$U99-SUM($EE99:EK99)=1,1,0)))) -> 1 | EM99: =IF(EM$56-Voorblad!$F$41>Voorblad!$K$41,0,IF($U99=0,0,IF($U99<1,1/$U99,IF((EM$56-Voorblad!$F$41)/$U99-SUM($EE99:EL99)=1,1,0)))) -> 1 | ... IB99: =IF(IB$56-Voorblad!$F$41>Voorblad!$K$41,0,IF($U99=0,0,IF($U99<1,1/$U99,IF((IB$56-Voorblad!$F$41)/$U99-SUM($EE99:IA99)=1,1,0)))) -> 0
B100: 1 | F100: uitstel conservering | I100: xoc | K100: extra kosten door 10 jaar uitstel conservering kunstwerk (incl. leuning) | O100: obv 35% van de conserveringskosten | Q100: =Q80 -> 0 | R100: m2 | S100: =35%*$S$80 -> 83.3 | T100: =Q100*S100 -> 0 | U100: 1 | W100: 0 | Y100: =SUM(AE100:EB100) -> 0 | AC100: =$Y100*(Voorblad!$K$44*(1+Voorblad!$K$44)^Voorblad!$K$41)/((1+Voorblad!$K$44)^Voorblad!$K$41-1) -> 0 | AE100: =IF($W100=AE$56,EF100*($Q100*$S100)/(1+Voorblad!$K$44)^(AE$56-Voorblad!$F$41),0) -> 0 | AF100: =IF($W100=AF$56,EG100*($Q100*$S100)/(1+Voorblad!$K$44)^(AF$56-Voorblad!$F$41),0) -> 0 | AG100: =IF($W100=AG$56,EH100*($Q100*$S100)/(1+Voorblad!$K$44)^(AG$56-Voorblad!$F$41),0) -> 0 | AH100: =IF($W100=AH$56,EI100*($Q100*$S100)/(1+Voorblad!$K$44)^(AH$56-Voorblad!$F$41),0) -> 0 | AI100: =IF($W100=AI$56,EJ100*($Q100*$S100)/(1+Voorblad!$K$44)^(AI$56-Voorblad!$F$41),0) -> 0 | AJ100: =IF($W100=AJ$56,EK100*($Q100*$S100)/(1+Voorblad!$K$44)^(AJ$56-Voorblad!$F$41),0) -> 0 | AK100: =IF($W100=AK$56,EL100*($Q100*$S100)/(1+Voorblad!$K$44)^(AK$56-Voorblad!$F$41),0) -> 0 | AL100: =IF($W100=AL$56,EM100*($Q100*$S100)/(1+Voorblad!$K$44)^(AL$56-Voorblad!$F$41),0) -> 0 | ... EB100: =IF($W100=EB$56,IC100*($Q100*$S100)/(1+Voorblad!$K$44)^(EB$56-Voorblad!$F$41),0) -> 0 | EE100: 0 | EF100: =IF(EF$56-Voorblad!$F$41>Voorblad!$K$41,0,IF($U100=0,0,IF($U100<1,1/$U100,IF((EF$56-Voorblad!$F$41)/$U100-SUM($EE100:EE100)=1,1,0)))) -> 0 | EG100: =IF(EG$56-Voorblad!$F$41>Voorblad!$K$41,0,IF($U100=0,0,IF($U100<1,1/$U100,IF((EG$56-Voorblad!$F$41)/$U100-SUM($EE100:EF100)=1,1,0)))) -> 1 | EH100: =IF(EH$56-Voorblad!$F$41>Voorblad!$K$41,0,IF($U100=0,0,IF($U100<1,1/$U100,IF((EH$56-Voorblad!$F$41)/$U100-SUM($EE100:EG100)=1,1,0)))) -> 1 | EI100: =IF(EI$56-Voorblad!$F$41>Voorblad!$K$41,0,IF($U100=0,0,IF($U100<1,1/$U100,IF((EI$56-Voorblad!$F$41)/$U100-SUM($EE100:EH100)=1,1,0)))) -> 1 | EJ100: =IF(EJ$56-Voorblad!$F$41>Voorblad!$K$41,0,IF($U100=0,0,IF($U100<1,1/$U100,IF((EJ$56-Voorblad!$F$41)/$U100-SUM($EE100:EI100)=1,1,0)))) -> 1 | EK100: =IF(EK$56-Voorblad!$F$41>Voorblad!$K$41,0,IF($U100=0,0,IF($U100<1,1/$U100,IF((EK$56-Voorblad!$F$41)/$U100-SUM($EE100:EJ100)=1,1,0)))) -> 1 | EL100: =IF(EL$56-Voorblad!$F$41>Voorblad!$K$41,0,IF($U100=0,0,IF($U100<1,1/$U100,IF((EL$56-Voorblad!$F$41)/$U100-SUM($EE100:EK100)=1,1,0)))) -> 1 | EM100: =IF(EM$56-Voorblad!$F$41>Voorblad!$K$41,0,IF($U100=0,0,IF($U100<1,1/$U100,IF((EM$56-Voorblad!$F$41)/$U100-SUM($EE100:EL100)=1,1,0)))) -> 1 | ... IB100: =IF(IB$56-Voorblad!$F$41>Voorblad!$K$41,0,IF($U100=0,0,IF($U100<1,1/$U100,IF((IB$56-Voorblad!$F$41)/$U100-SUM($EE100:IA100)=1,1,0)))) -> 0
B101: 1 | F101: uitstel conservering | I101: xoc | K101: extra kosten door 15 jaar uitstel conservering kunstwerk (incl. leuning) | O101: obv 50% van de conserveringskosten | Q101: =Q80 -> 0 | R101: m2 | S101: =50%*$S$80 -> 119 | T101: =Q101*S101 -> 0 | U101: 1 | W101: 0 | Y101: =SUM(AE101:EB101) -> 0 | AC101: =$Y101*(Voorblad!$K$44*(1+Voorblad!$K$44)^Voorblad!$K$41)/((1+Voorblad!$K$44)^Voorblad!$K$41-1) -> 0 | AE101: =IF($W101=AE$56,EF101*($Q101*$S101)/(1+Voorblad!$K$44)^(AE$56-Voorblad!$F$41),0) -> 0 | AF101: =IF($W101=AF$56,EG101*($Q101*$S101)/(1+Voorblad!$K$44)^(AF$56-Voorblad!$F$41),0) -> 0 | AG101: =IF($W101=AG$56,EH101*($Q101*$S101)/(1+Voorblad!$K$44)^(AG$56-Voorblad!$F$41),0) -> 0 | AH101: =IF($W101=AH$56,EI101*($Q101*$S101)/(1+Voorblad!$K$44)^(AH$56-Voorblad!$F$41),0) -> 0 | AI101: =IF($W101=AI$56,EJ101*($Q101*$S101)/(1+Voorblad!$K$44)^(AI$56-Voorblad!$F$41),0) -> 0 | AJ101: =IF($W101=AJ$56,EK101*($Q101*$S101)/(1+Voorblad!$K$44)^(AJ$56-Voorblad!$F$41),0) -> 0 | AK101: =IF($W101=AK$56,EL101*($Q101*$S101)/(1+Voorblad!$K$44)^(AK$56-Voorblad!$F$41),0) -> 0 | AL101: =IF($W101=AL$56,EM101*($Q101*$S101)/(1+Voorblad!$K$44)^(AL$56-Voorblad!$F$41),0) -> 0 | ... EB101: =IF($W101=EB$56,IC101*($Q101*$S101)/(1+Voorblad!$K$44)^(EB$56-Voorblad!$F$41),0) -> 0 | EE101: 0 | EF101: =IF(EF$56-Voorblad!$F$41>Voorblad!$K$41,0,IF($U101=0,0,IF($U101<1,1/$U101,IF((EF$56-Voorblad!$F$41)/$U101-SUM($EE101:EE101)=1,1,0)))) -> 0 | EG101: =IF(EG$56-Voorblad!$F$41>Voorblad!$K$41,0,IF($U101=0,0,IF($U101<1,1/$U101,IF((EG$56-Voorblad!$F$41)/$U101-SUM($EE101:EF101)=1,1,0)))) -> 1 | EH101: =IF(EH$56-Voorblad!$F$41>Voorblad!$K$41,0,IF($U101=0,0,IF($U101<1,1/$U101,IF((EH$56-Voorblad!$F$41)/$U101-SUM($EE101:EG101)=1,1,0)))) -> 1 | EI101: =IF(EI$56-Voorblad!$F$41>Voorblad!$K$41,0,IF($U101=0,0,IF($U101<1,1/$U101,IF((EI$56-Voorblad!$F$41)/$U101-SUM($EE101:EH101)=1,1,0)))) -> 1 | EJ101: =IF(EJ$56-Voorblad!$F$41>Voorblad!$K$41,0,IF($U101=0,0,IF($U101<1,1/$U101,IF((EJ$56-Voorblad!$F$41)/$U101-SUM($EE101:EI101)=1,1,0)))) -> 1 | EK101: =IF(EK$56-Voorblad!$F$41>Voorblad!$K$41,0,IF($U101=0,0,IF($U101<1,1/$U101,IF((EK$56-Voorblad!$F$41)/$U101-SUM($EE101:EJ101)=1,1,0)))) -> 1 | EL101: =IF(EL$56-Voorblad!$F$41>Voorblad!$K$41,0,IF($U101=0,0,IF($U101<1,1/$U101,IF((EL$56-Voorblad!$F$41)/$U101-SUM($EE101:EK101)=1,1,0)))) -> 1 | EM101: =IF(EM$56-Voorblad!$F$41>Voorblad!$K$41,0,IF($U101=0,0,IF($U101<1,1/$U101,IF((EM$56-Voorblad!$F$41)/$U101-SUM($EE101:EL101)=1,1,0)))) -> 1 | ... IB101: =IF(IB$56-Voorblad!$F$41>Voorblad!$K$41,0,IF($U101=0,0,IF($U101<1,1/$U101,IF((IB$56-Voorblad!$F$41)/$U101-SUM($EE101:IA101)=1,1,0)))) -> 0
B102: 1 | F102: uitstel vervanging | I102: xo | K102: extra onderhoud door 5 jaar uitstel vervanging kunstwerk | O102: obv 2% van de vervangingskosten | Q102: 0 | R102: post | S102: =2%*T97 -> 0 | T102: =Q102*S102 -> 0 | U102: 1 | W102: 0 | Y102: =SUM(AE102:EB102) -> 0 | AC102: =$Y102*(Voorblad!$K$44*(1+Voorblad!$K$44)^Voorblad!$K$41)/((1+Voorblad!$K$44)^Voorblad!$K$41-1) -> 0 | AE102: =IF($W102=AE$56,EF102*($Q102*$S102)/(1+Voorblad!$K$44)^(AE$56-Voorblad!$F$41),0) -> 0 | AF102: =IF($W102=AF$56,EG102*($Q102*$S102)/(1+Voorblad!$K$44)^(AF$56-Voorblad!$F$41),0) -> 0 | AG102: =IF($W102=AG$56,EH102*($Q102*$S102)/(1+Voorblad!$K$44)^(AG$56-Voorblad!$F$41),0) -> 0 | AH102: =IF($W102=AH$56,EI102*($Q102*$S102)/(1+Voorblad!$K$44)^(AH$56-Voorblad!$F$41),0) -> 0 | AI102: =IF($W102=AI$56,EJ102*($Q102*$S102)/(1+Voorblad!$K$44)^(AI$56-Voorblad!$F$41),0) -> 0 | AJ102: =IF($W102=AJ$56,EK102*($Q102*$S102)/(1+Voorblad!$K$44)^(AJ$56-Voorblad!$F$41),0) -> 0 | AK102: =IF($W102=AK$56,EL102*($Q102*$S102)/(1+Voorblad!$K$44)^(AK$56-Voorblad!$F$41),0) -> 0 | AL102: =IF($W102=AL$56,EM102*($Q102*$S102)/(1+Voorblad!$K$44)^(AL$56-Voorblad!$F$41),0) -> 0 | ... EB102: =IF($W102=EB$56,IC102*($Q102*$S102)/(1+Voorblad!$K$44)^(EB$56-Voorblad!$F$41),0) -> 0 | EE102: 0 | EF102: =IF(EF$56-Voorblad!$F$41>Voorblad!$K$41,0,IF($U102=0,0,IF($U102<1,1/$U102,IF((EF$56-Voorblad!$F$41)/$U102-SUM($EE102:EE102)=1,1,0)))) -> 0 | EG102: =IF(EG$56-Voorblad!$F$41>Voorblad!$K$41,0,IF($U102=0,0,IF($U102<1,1/$U102,IF((EG$56-Voorblad!$F$41)/$U102-SUM($EE102:EF102)=1,1,0)))) -> 1 | EH102: =IF(EH$56-Voorblad!$F$41>Voorblad!$K$41,0,IF($U102=0,0,IF($U102<1,1/$U102,IF((EH$56-Voorblad!$F$41)/$U102-SUM($EE102:EG102)=1,1,0)))) -> 1 | EI102: =IF(EI$56-Voorblad!$F$41>Voorblad!$K$41,0,IF($U102=0,0,IF($U102<1,1/$U102,IF((EI$56-Voorblad!$F$41)/$U102-SUM($EE102:EH102)=1,1,0)))) -> 1 | EJ102: =IF(EJ$56-Voorblad!$F$41>Voorblad!$K$41,0,IF($U102=0,0,IF($U102<1,1/$U102,IF((EJ$56-Voorblad!$F$41)/$U102-SUM($EE102:EI102)=1,1,0)))) -> 1 | EK102: =IF(EK$56-Voorblad!$F$41>Voorblad!$K$41,0,IF($U102=0,0,IF($U102<1,1/$U102,IF((EK$56-Voorblad!$F$41)/$U102-SUM($EE102:EJ102)=1,1,0)))) -> 1 | EL102: =IF(EL$56-Voorblad!$F$41>Voorblad!$K$41,0,IF($U102=0,0,IF($U102<1,1/$U102,IF((EL$56-Voorblad!$F$41)/$U102-SUM($EE102:EK102)=1,1,0)))) -> 1 | EM102: =IF(EM$56-Voorblad!$F$41>Voorblad!$K$41,0,IF($U102=0,0,IF($U102<1,1/$U102,IF((EM$56-Voorblad!$F$41)/$U102-SUM($EE102:EL102)=1,1,0)))) -> 1 | ... IB102: =IF(IB$56-Voorblad!$F$41>Voorblad!$K$41,0,IF($U102=0,0,IF($U102<1,1/$U102,IF((IB$56-Voorblad!$F$41)/$U102-SUM($EE102:IA102)=1,1,0)))) -> 0
B103: 1 | F103: uitstel vervanging | I103: xo | K103: extra onderhoud door 10 jaar uitstel vervanging kunstwerk | O103: obv 4% van de vervangingskosten | Q103: 0 | R103: post | S103: =4%*T97 -> 0 | T103: =Q103*S103 -> 0 | U103: 1 | W103: 0 | Y103: =SUM(AE103:EB103) -> 0 | AC103: =$Y103*(Voorblad!$K$44*(1+Voorblad!$K$44)^Voorblad!$K$41)/((1+Voorblad!$K$44)^Voorblad!$K$41-1) -> 0 | AE103: =IF($W103=AE$56,EF103*($Q103*$S103)/(1+Voorblad!$K$44)^(AE$56-Voorblad!$F$41),0) -> 0 | AF103: =IF($W103=AF$56,EG103*($Q103*$S103)/(1+Voorblad!$K$44)^(AF$56-Voorblad!$F$41),0) -> 0 | AG103: =IF($W103=AG$56,EH103*($Q103*$S103)/(1+Voorblad!$K$44)^(AG$56-Voorblad!$F$41),0) -> 0 | AH103: =IF($W103=AH$56,EI103*($Q103*$S103)/(1+Voorblad!$K$44)^(AH$56-Voorblad!$F$41),0) -> 0 | AI103: =IF($W103=AI$56,EJ103*($Q103*$S103)/(1+Voorblad!$K$44)^(AI$56-Voorblad!$F$41),0) -> 0 | AJ103: =IF($W103=AJ$56,EK103*($Q103*$S103)/(1+Voorblad!$K$44)^(AJ$56-Voorblad!$F$41),0) -> 0 | AK103: =IF($W103=AK$56,EL103*($Q103*$S103)/(1+Voorblad!$K$44)^(AK$56-Voorblad!$F$41),0) -> 0 | AL103: =IF($W103=AL$56,EM103*($Q103*$S103)/(1+Voorblad!$K$44)^(AL$56-Voorblad!$F$41),0) -> 0 | ... EB103: =IF($W103=EB$56,IC103*($Q103*$S103)/(1+Voorblad!$K$44)^(EB$56-Voorblad!$F$41),0) -> 0 | EE103: 0 | EF103: =IF(EF$56-Voorblad!$F$41>Voorblad!$K$41,0,IF($U103=0,0,IF($U103<1,1/$U103,IF((EF$56-Voorblad!$F$41)/$U103-SUM($EE103:EE103)=1,1,0)))) -> 0 | EG103: =IF(EG$56-Voorblad!$F$41>Voorblad!$K$41,0,IF($U103=0,0,IF($U103<1,1/$U103,IF((EG$56-Voorblad!$F$41)/$U103-SUM($EE103:EF103)=1,1,0)))) -> 1 | EH103: =IF(EH$56-Voorblad!$F$41>Voorblad!$K$41,0,IF($U103=0,0,IF($U103<1,1/$U103,IF((EH$56-Voorblad!$F$41)/$U103-SUM($EE103:EG103)=1,1,0)))) -> 1 | EI103: =IF(EI$56-Voorblad!$F$41>Voorblad!$K$41,0,IF($U103=0,0,IF($U103<1,1/$U103,IF((EI$56-Voorblad!$F$41)/$U103-SUM($EE103:EH103)=1,1,0)))) -> 1 | EJ103: =IF(EJ$56-Voorblad!$F$41>Voorblad!$K$41,0,IF($U103=0,0,IF($U103<1,1/$U103,IF((EJ$56-Voorblad!$F$41)/$U103-SUM($EE103:EI103)=1,1,0)))) -> 1 | EK103: =IF(EK$56-Voorblad!$F$41>Voorblad!$K$41,0,IF($U103=0,0,IF($U103<1,1/$U103,IF((EK$56-Voorblad!$F$41)/$U103-SUM($EE103:EJ103)=1,1,0)))) -> 1 | EL103: =IF(EL$56-Voorblad!$F$41>Voorblad!$K$41,0,IF($U103=0,0,IF($U103<1,1/$U103,IF((EL$56-Voorblad!$F$41)/$U103-SUM($EE103:EK103)=1,1,0)))) -> 1 | EM103: =IF(EM$56-Voorblad!$F$41>Voorblad!$K$41,0,IF($U103=0,0,IF($U103<1,1/$U103,IF((EM$56-Voorblad!$F$41)/$U103-SUM($EE103:EL103)=1,1,0)))) -> 1 | ... IB103: =IF(IB$56-Voorblad!$F$41>Voorblad!$K$41,0,IF($U103=0,0,IF($U103<1,1/$U103,IF((IB$56-Voorblad!$F$41)/$U103-SUM($EE103:IA103)=1,1,0)))) -> 0
B104: 1 | F104: uitstel vervanging | I104: xo | K104: extra onderhoud door >10 jaar uitstel vervanging kunstwerk | O104: obv 7% van de vervangingskosten | Q104: 0 | R104: post | S104: =7%*T97 -> 0 | T104: =Q104*S104 -> 0 | U104: 1 | W104: 0 | Y104: =SUM(AE104:EB104) -> 0 | AC104: =$Y104*(Voorblad!$K$44*(1+Voorblad!$K$44)^Voorblad!$K$41)/((1+Voorblad!$K$44)^Voorblad!$K$41-1) -> 0 | AE104: =IF($W104=AE$56,EF104*($Q104*$S104)/(1+Voorblad!$K$44)^(AE$56-Voorblad!$F$41),0) -> 0 | AF104: =IF($W104=AF$56,EG104*($Q104*$S104)/(1+Voorblad!$K$44)^(AF$56-Voorblad!$F$41),0) -> 0 | AG104: =IF($W104=AG$56,EH104*($Q104*$S104)/(1+Voorblad!$K$44)^(AG$56-Voorblad!$F$41),0) -> 0 | AH104: =IF($W104=AH$56,EI104*($Q104*$S104)/(1+Voorblad!$K$44)^(AH$56-Voorblad!$F$41),0) -> 0 | AI104: =IF($W104=AI$56,EJ104*($Q104*$S104)/(1+Voorblad!$K$44)^(AI$56-Voorblad!$F$41),0) -> 0 | AJ104: =IF($W104=AJ$56,EK104*($Q104*$S104)/(1+Voorblad!$K$44)^(AJ$56-Voorblad!$F$41),0) -> 0 | AK104: =IF($W104=AK$56,EL104*($Q104*$S104)/(1+Voorblad!$K$44)^(AK$56-Voorblad!$F$41),0) -> 0 | AL104: =IF($W104=AL$56,EM104*($Q104*$S104)/(1+Voorblad!$K$44)^(AL$56-Voorblad!$F$41),0) -> 0 | ... EB104: =IF($W104=EB$56,IC104*($Q104*$S104)/(1+Voorblad!$K$44)^(EB$56-Voorblad!$F$41),0) -> 0 | EE104: 0 | EF104: =IF(EF$56-Voorblad!$F$41>Voorblad!$K$41,0,IF($U104=0,0,IF($U104<1,1/$U104,IF((EF$56-Voorblad!$F$41)/$U104-SUM($EE104:EE104)=1,1,0)))) -> 0 | EG104: =IF(EG$56-Voorblad!$F$41>Voorblad!$K$41,0,IF($U104=0,0,IF($U104<1,1/$U104,IF((EG$56-Voorblad!$F$41)/$U104-SUM($EE104:EF104)=1,1,0)))) -> 1 | EH104: =IF(EH$56-Voorblad!$F$41>Voorblad!$K$41,0,IF($U104=0,0,IF($U104<1,1/$U104,IF((EH$56-Voorblad!$F$41)/$U104-SUM($EE104:EG104)=1,1,0)))) -> 1 | EI104: =IF(EI$56-Voorblad!$F$41>Voorblad!$K$41,0,IF($U104=0,0,IF($U104<1,1/$U104,IF((EI$56-Voorblad!$F$41)/$U104-SUM($EE104:EH104)=1,1,0)))) -> 1 | EJ104: =IF(EJ$56-Voorblad!$F$41>Voorblad!$K$41,0,IF($U104=0,0,IF($U104<1,1/$U104,IF((EJ$56-Voorblad!$F$41)/$U104-SUM($EE104:EI104)=1,1,0)))) -> 1 | EK104: =IF(EK$56-Voorblad!$F$41>Voorblad!$K$41,0,IF($U104=0,0,IF($U104<1,1/$U104,IF((EK$56-Voorblad!$F$41)/$U104-SUM($EE104:EJ104)=1,1,0)))) -> 1 | EL104: =IF(EL$56-Voorblad!$F$41>Voorblad!$K$41,0,IF($U104=0,0,IF($U104<1,1/$U104,IF((EL$56-Voorblad!$F$41)/$U104-SUM($EE104:EK104)=1,1,0)))) -> 1 | EM104: =IF(EM$56-Voorblad!$F$41>Voorblad!$K$41,0,IF($U104=0,0,IF($U104<1,1/$U104,IF((EM$56-Voorblad!$F$41)/$U104-SUM($EE104:EL104)=1,1,0)))) -> 1 | ... IB104: =IF(IB$56-Voorblad!$F$41>Voorblad!$K$41,0,IF($U104=0,0,IF($U104<1,1/$U104,IF((IB$56-Voorblad!$F$41)/$U104-SUM($EE104:IA104)=1,1,0)))) -> 0
B105: totaal vervanging | T105: =SUM(T97:T104) -> 0 | Y105: =SUM(Y97:Y104) -> 0 | AA105: =SUM(AA97:AA104) -> 0 | AC105: =$Y105*(Voorblad!$K$44*(1+Voorblad!$K$44)^Voorblad!$K$41)/((1+Voorblad!$K$44)^Voorblad!$K$41-1) -> 0
B108: Betonnen kunstwerk
B109: 3 | F109: waarborg functie | I109: insp | K109: kwaliteitsinspectie | Q109: 1 | R109: post | S109: =$H$20*500 -> 885 | T109: =Q109*S109 -> 885 | U109: 5 | Y109: =SUM(AE109:EB109) -> 3102.0841 | AC109: =$Y109*(Voorblad!$K$44*(1+Voorblad!$K$44)^Voorblad!$K$41)/((1+Voorblad!$K$44)^Voorblad!$K$41-1) -> 168.36847 | AE109: =EF109*($Q109*$S109)/(1+Voorblad!$K$44)^(AE$56-Voorblad!$F$41) -> 0 | AF109: =EG109*($Q109*$S109)/(1+Voorblad!$K$44)^(AF$56-Voorblad!$F$41) -> 0 | AG109: =EH109*($Q109*$S109)/(1+Voorblad!$K$44)^(AG$56-Voorblad!$F$41) -> 0 | AH109: =EI109*($Q109*$S109)/(1+Voorblad!$K$44)^(AH$56-Voorblad!$F$41) -> 0 | AI109: =EJ109*($Q109*$S109)/(1+Voorblad!$K$44)^(AI$56-Voorblad!$F$41) -> 0 | AJ109: =EK109*($Q109*$S109)/(1+Voorblad!$K$44)^(AJ$56-Voorblad!$F$41) -> 782.21104 | AK109: =EL109*($Q109*$S109)/(1+Voorblad!$K$44)^(AK$56-Voorblad!$F$41) -> 0 | AL109: =EM109*($Q109*$S109)/(1+Voorblad!$K$44)^(AL$56-Voorblad!$F$41) -> 0 | ... EB109: =IC109*($Q109*$S109)/(1+Voorblad!$K$44)^(EB$56-Voorblad!$F$41) -> 0 | EE109: 0 | EF109: =IF(EF$56-Voorblad!$F$41>Voorblad!$K$41,0,IF($U109=0,0,IF($U109<1,1/$U109,IF((EF$56-Voorblad!$F$41)/$U109-SUM($EE109:EE109)=1,1,0)))) -> 0 | EG109: =IF(EG$56-Voorblad!$F$41>Voorblad!$K$41,0,IF($U109=0,0,IF($U109<1,1/$U109,IF((EG$56-Voorblad!$F$41)/$U109-SUM($EE109:EF109)=1,1,0)))) -> 0 | EH109: =IF(EH$56-Voorblad!$F$41>Voorblad!$K$41,0,IF($U109=0,0,IF($U109<1,1/$U109,IF((EH$56-Voorblad!$F$41)/$U109-SUM($EE109:EG109)=1,1,0)))) -> 0 | EI109: =IF(EI$56-Voorblad!$F$41>Voorblad!$K$41,0,IF($U109=0,0,IF($U109<1,1/$U109,IF((EI$56-Voorblad!$F$41)/$U109-SUM($EE109:EH109)=1,1,0)))) -> 0 | EJ109: =IF(EJ$56-Voorblad!$F$41>Voorblad!$K$41,0,IF($U109=0,0,IF($U109<1,1/$U109,IF((EJ$56-Voorblad!$F$41)/$U109-SUM($EE109:EI109)=1,1,0)))) -> 0 | EK109: =IF(EK$56-Voorblad!$F$41>Voorblad!$K$41,0,IF($U109=0,0,IF($U109<1,1/$U109,IF((EK$56-Voorblad!$F$41)/$U109-SUM($EE109:EJ109)=1,1,0)))) -> 1 | EL109: =IF(EL$56-Voorblad!$F$41>Voorblad!$K$41,0,IF($U109=0,0,IF($U109<1,1/$U109,IF((EL$56-Voorblad!$F$41)/$U109-SUM($EE109:EK109)=1,1,0)))) -> 0 | EM109: =IF(EM$56-Voorblad!$F$41>Voorblad!$K$41,0,IF($U109=0,0,IF($U109<1,1/$U109,IF((EM$56-Voorblad!$F$41)/$U109-SUM($EE109:EL109)=1,1,0)))) -> 0 | ... IB109: =IF(IB$56-Voorblad!$F$41>Voorblad!$K$41,0,IF($U109=0,0,IF($U109<1,1/$U109,IF((IB$56-Voorblad!$F$41)/$U109-SUM($EE109:IA109)=1,1,0)))) -> 0
B110: 3 | F110: waarborg functie | I110: ko | K110: schoonmaken beton oppervlak, graffiti, leksporen, aanslag | O110: omhullend (zicht)oppervlak betonnen dek | P110: voer in: 50% van oppervlak | Q110: =50%*(((2*6.25*8)+(2*(6.25+8)*1))+((2*11*1.7)+(2*(11+1.7)*0.4))) -> 88.03 | R110: m2 | S110: =$H$20*15 -> 26.55 | T110: =Q110*S110 -> 2337.1965 | U110: 10 | Y110: =SUM(AE110:EB110) -> 3252.1373 | AC110: =$Y110*(Voorblad!$K$44*(1+Voorblad!$K$44)^Voorblad!$K$41)/((1+Voorblad!$K$44)^Voorblad!$K$41-1) -> 176.51275 | AE110: =EF110*($Q110*$S110)/(1+Voorblad!$K$44)^(AE$56-Voorblad!$F$41) -> 0 | AF110: =EG110*($Q110*$S110)/(1+Voorblad!$K$44)^(AF$56-Voorblad!$F$41) -> 0 | AG110: =EH110*($Q110*$S110)/(1+Voorblad!$K$44)^(AG$56-Voorblad!$F$41) -> 0 | AH110: =EI110*($Q110*$S110)/(1+Voorblad!$K$44)^(AH$56-Voorblad!$F$41) -> 0 | AI110: =EJ110*($Q110*$S110)/(1+Voorblad!$K$44)^(AI$56-Voorblad!$F$41) -> 0 | AJ110: =EK110*($Q110*$S110)/(1+Voorblad!$K$44)^(AJ$56-Voorblad!$F$41) -> 0 | AK110: =EL110*($Q110*$S110)/(1+Voorblad!$K$44)^(AK$56-Voorblad!$F$41) -> 0 | AL110: =EM110*($Q110*$S110)/(1+Voorblad!$K$44)^(AL$56-Voorblad!$F$41) -> 0 | ... EB110: =IC110*($Q110*$S110)/(1+Voorblad!$K$44)^(EB$56-Voorblad!$F$41) -> 0 | EE110: 0 | EF110: =IF(EF$56-Voorblad!$F$41>Voorblad!$K$41,0,IF($U110=0,0,IF($U110<1,1/$U110,IF((EF$56-Voorblad!$F$41)/$U110-SUM($EE110:EE110)=1,1,0)))) -> 0 | EG110: =IF(EG$56-Voorblad!$F$41>Voorblad!$K$41,0,IF($U110=0,0,IF($U110<1,1/$U110,IF((EG$56-Voorblad!$F$41)/$U110-SUM($EE110:EF110)=1,1,0)))) -> 0 | EH110: =IF(EH$56-Voorblad!$F$41>Voorblad!$K$41,0,IF($U110=0,0,IF($U110<1,1/$U110,IF((EH$56-Voorblad!$F$41)/$U110-SUM($EE110:EG110)=1,1,0)))) -> 0 | EI110: =IF(EI$56-Voorblad!$F$41>Voorblad!$K$41,0,IF($U110=0,0,IF($U110<1,1/$U110,IF((EI$56-Voorblad!$F$41)/$U110-SUM($EE110:EH110)=1,1,0)))) -> 0 | EJ110: =IF(EJ$56-Voorblad!$F$41>Voorblad!$K$41,0,IF($U110=0,0,IF($U110<1,1/$U110,IF((EJ$56-Voorblad!$F$41)/$U110-SUM($EE110:EI110)=1,1,0)))) -> 0 | EK110: =IF(EK$56-Voorblad!$F$41>Voorblad!$K$41,0,IF($U110=0,0,IF($U110<1,1/$U110,IF((EK$56-Voorblad!$F$41)/$U110-SUM($EE110:EJ110)=1,1,0)))) -> 0 | EL110: =IF(EL$56-Voorblad!$F$41>Voorblad!$K$41,0,IF($U110=0,0,IF($U110<1,1/$U110,IF((EL$56-Voorblad!$F$41)/$U110-SUM($EE110:EK110)=1,1,0)))) -> 0 | EM110: =IF(EM$56-Voorblad!$F$41>Voorblad!$K$41,0,IF($U110=0,0,IF($U110<1,1/$U110,IF((EM$56-Voorblad!$F$41)/$U110-SUM($EE110:EL110)=1,1,0)))) -> 0 | ... IB110: =IF(IB$56-Voorblad!$F$41>Voorblad!$K$41,0,IF($U110=0,0,IF($U110<1,1/$U110,IF((IB$56-Voorblad!$F$41)/$U110-SUM($EE110:IA110)=1,1,0)))) -> 0
B111: 3 | F111: waarborg functie | I111: ko | K111: aanbrengen ant-graffiti coating | Q111: =25%*Q110 -> 22.0075 | R111: m2 | S111: =$H$20*20 -> 35.4 | T111: =Q111*S111 -> 779.0655 | U111: 10 | Y111: =SUM(AE111:EB111) -> 1084.0458 | AC111: =$Y111*(Voorblad!$K$44*(1+Voorblad!$K$44)^Voorblad!$K$41)/((1+Voorblad!$K$44)^Voorblad!$K$41-1) -> 58.837582 | AE111: =EF111*($Q111*$S111)/(1+Voorblad!$K$44)^(AE$56-Voorblad!$F$41) -> 0 | AF111: =EG111*($Q111*$S111)/(1+Voorblad!$K$44)^(AF$56-Voorblad!$F$41) -> 0 | AG111: =EH111*($Q111*$S111)/(1+Voorblad!$K$44)^(AG$56-Voorblad!$F$41) -> 0 | AH111: =EI111*($Q111*$S111)/(1+Voorblad!$K$44)^(AH$56-Voorblad!$F$41) -> 0 | AI111: =EJ111*($Q111*$S111)/(1+Voorblad!$K$44)^(AI$56-Voorblad!$F$41) -> 0 | AJ111: =EK111*($Q111*$S111)/(1+Voorblad!$K$44)^(AJ$56-Voorblad!$F$41) -> 0 | AK111: =EL111*($Q111*$S111)/(1+Voorblad!$K$44)^(AK$56-Voorblad!$F$41) -> 0 | AL111: =EM111*($Q111*$S111)/(1+Voorblad!$K$44)^(AL$56-Voorblad!$F$41) -> 0 | ... EB111: =IC111*($Q111*$S111)/(1+Voorblad!$K$44)^(EB$56-Voorblad!$F$41) -> 0 | EE111: 0 | EF111: =IF(EF$56-Voorblad!$F$41>Voorblad!$K$41,0,IF($U111=0,0,IF($U111<1,1/$U111,IF((EF$56-Voorblad!$F$41)/$U111-SUM($EE111:EE111)=1,1,0)))) -> 0 | EG111: =IF(EG$56-Voorblad!$F$41>Voorblad!$K$41,0,IF($U111=0,0,IF($U111<1,1/$U111,IF((EG$56-Voorblad!$F$41)/$U111-SUM($EE111:EF111)=1,1,0)))) -> 0 | EH111: =IF(EH$56-Voorblad!$F$41>Voorblad!$K$41,0,IF($U111=0,0,IF($U111<1,1/$U111,IF((EH$56-Voorblad!$F$41)/$U111-SUM($EE111:EG111)=1,1,0)))) -> 0 | EI111: =IF(EI$56-Voorblad!$F$41>Voorblad!$K$41,0,IF($U111=0,0,IF($U111<1,1/$U111,IF((EI$56-Voorblad!$F$41)/$U111-SUM($EE111:EH111)=1,1,0)))) -> 0 | EJ111: =IF(EJ$56-Voorblad!$F$41>Voorblad!$K$41,0,IF($U111=0,0,IF($U111<1,1/$U111,IF((EJ$56-Voorblad!$F$41)/$U111-SUM($EE111:EI111)=1,1,0)))) -> 0 | EK111: =IF(EK$56-Voorblad!$F$41>Voorblad!$K$41,0,IF($U111=0,0,IF($U111<1,1/$U111,IF((EK$56-Voorblad!$F$41)/$U111-SUM($EE111:EJ111)=1,1,0)))) -> 0 | EL111: =IF(EL$56-Voorblad!$F$41>Voorblad!$K$41,0,IF($U111=0,0,IF($U111<1,1/$U111,IF((EL$56-Voorblad!$F$41)/$U111-SUM($EE111:EK111)=1,1,0)))) -> 0 | EM111: =IF(EM$56-Voorblad!$F$41>Voorblad!$K$41,0,IF($U111=0,0,IF($U111<1,1/$U111,IF((EM$56-Voorblad!$F$41)/$U111-SUM($EE111:EL111)=1,1,0)))) -> 0 | ... IB111: =IF(IB$56-Voorblad!$F$41>Voorblad!$K$41,0,IF($U111=0,0,IF($U111<1,1/$U111,IF((IB$56-Voorblad!$F$41)/$U111-SUM($EE111:IA111)=1,1,0)))) -> 0
B112: 3 | F112: waarborg functie | I112: ko | K112: schoonmaken voegovergangen rijdek-baan (kortcyclisch onderhoud) | Q112: 0 | R112: m1 | S112: =$H$20*15 -> 26.55 | T112: =Q112*S112 -> 0 | U112: 0.5 | Y112: =SUM(AE112:EB112) -> 0 | AC112: =$Y112*(Voorblad!$K$44*(1+Voorblad!$K$44)^Voorblad!$K$41)/((1+Voorblad!$K$44)^Voorblad!$K$41-1) -> 0 | AE112: =EF112*($Q112*$S112)/(1+Voorblad!$K$44)^(AE$56-Voorblad!$F$41) -> 0 | AF112: =EG112*($Q112*$S112)/(1+Voorblad!$K$44)^(AF$56-Voorblad!$F$41) -> 0 | AG112: =EH112*($Q112*$S112)/(1+Voorblad!$K$44)^(AG$56-Voorblad!$F$41) -> 0 | AH112: =EI112*($Q112*$S112)/(1+Voorblad!$K$44)^(AH$56-Voorblad!$F$41) -> 0 | AI112: =EJ112*($Q112*$S112)/(1+Voorblad!$K$44)^(AI$56-Voorblad!$F$41) -> 0 | AJ112: =EK112*($Q112*$S112)/(1+Voorblad!$K$44)^(AJ$56-Voorblad!$F$41) -> 0 | AK112: =EL112*($Q112*$S112)/(1+Voorblad!$K$44)^(AK$56-Voorblad!$F$41) -> 0 | AL112: =EM112*($Q112*$S112)/(1+Voorblad!$K$44)^(AL$56-Voorblad!$F$41) -> 0 | ... EB112: =IC112*($Q112*$S112)/(1+Voorblad!$K$44)^(EB$56-Voorblad!$F$41) -> 0 | EE112: 0 | EF112: =IF(EF$56-Voorblad!$F$41>Voorblad!$K$41,0,IF($U112=0,0,IF($U112<1,1/$U112,IF((EF$56-Voorblad!$F$41)/$U112-SUM($EE112:EE112)=1,1,0)))) -> 2 | EG112: =IF(EG$56-Voorblad!$F$41>Voorblad!$K$41,0,IF($U112=0,0,IF($U112<1,1/$U112,IF((EG$56-Voorblad!$F$41)/$U112-SUM($EE112:EF112)=1,1,0)))) -> 2 | EH112: =IF(EH$56-Voorblad!$F$41>Voorblad!$K$41,0,IF($U112=0,0,IF($U112<1,1/$U112,IF((EH$56-Voorblad!$F$41)/$U112-SUM($EE112:EG112)=1,1,0)))) -> 2 | EI112: =IF(EI$56-Voorblad!$F$41>Voorblad!$K$41,0,IF($U112=0,0,IF($U112<1,1/$U112,IF((EI$56-Voorblad!$F$41)/$U112-SUM($EE112:EH112)=1,1,0)))) -> 2 | EJ112: =IF(EJ$56-Voorblad!$F$41>Voorblad!$K$41,0,IF($U112=0,0,IF($U112<1,1/$U112,IF((EJ$56-Voorblad!$F$41)/$U112-SUM($EE112:EI112)=1,1,0)))) -> 2 | EK112: =IF(EK$56-Voorblad!$F$41>Voorblad!$K$41,0,IF($U112=0,0,IF($U112<1,1/$U112,IF((EK$56-Voorblad!$F$41)/$U112-SUM($EE112:EJ112)=1,1,0)))) -> 2 | EL112: =IF(EL$56-Voorblad!$F$41>Voorblad!$K$41,0,IF($U112=0,0,IF($U112<1,1/$U112,IF((EL$56-Voorblad!$F$41)/$U112-SUM($EE112:EK112)=1,1,0)))) -> 2 | EM112: =IF(EM$56-Voorblad!$F$41>Voorblad!$K$41,0,IF($U112=0,0,IF($U112<1,1/$U112,IF((EM$56-Voorblad!$F$41)/$U112-SUM($EE112:EL112)=1,1,0)))) -> 2 | ... IB112: =IF(IB$56-Voorblad!$F$41>Voorblad!$K$41,0,IF($U112=0,0,IF($U112<1,1/$U112,IF((IB$56-Voorblad!$F$41)/$U112-SUM($EE112:IA112)=1,1,0)))) -> 0
B113: 3 | F113: waarborg functie | I113: ko | K113: herstel kleine gebreken betonnen kunstwerk, scheuren, aanrijschade e.d. | P113: aanname eenh.prijs per m1 kw per spoor | Q113: =2*11 -> 22 | R113: m1 kw/sp | S113: =$H$20*350 -> 619.5 | T113: =Q113*S113 -> 13629 | U113: 15 | Y113: =SUM(AE113:EB113) -> 9410.3551 | AC113: =$Y113*(Voorblad!$K$44*(1+Voorblad!$K$44)^Voorblad!$K$41)/((1+Voorblad!$K$44)^Voorblad!$K$41-1) -> 510.75569 | AE113: =EF113*($Q113*$S113)/(1+Voorblad!$K$44)^(AE$56-Voorblad!$F$41) -> 0 | AF113: =EG113*($Q113*$S113)/(1+Voorblad!$K$44)^(AF$56-Voorblad!$F$41) -> 0 | AG113: =EH113*($Q113*$S113)/(1+Voorblad!$K$44)^(AG$56-Voorblad!$F$41) -> 0 | AH113: =EI113*($Q113*$S113)/(1+Voorblad!$K$44)^(AH$56-Voorblad!$F$41) -> 0 | AI113: =EJ113*($Q113*$S113)/(1+Voorblad!$K$44)^(AI$56-Voorblad!$F$41) -> 0 | AJ113: =EK113*($Q113*$S113)/(1+Voorblad!$K$44)^(AJ$56-Voorblad!$F$41) -> 0 | AK113: =EL113*($Q113*$S113)/(1+Voorblad!$K$44)^(AK$56-Voorblad!$F$41) -> 0 | AL113: =EM113*($Q113*$S113)/(1+Voorblad!$K$44)^(AL$56-Voorblad!$F$41) -> 0 | ... EB113: =IC113*($Q113*$S113)/(1+Voorblad!$K$44)^(EB$56-Voorblad!$F$41) -> 0 | EE113: 0 | EF113: =IF(EF$56-Voorblad!$F$41>Voorblad!$K$41,0,IF($U113=0,0,IF($U113<1,1/$U113,IF((EF$56-Voorblad!$F$41)/$U113-SUM($EE113:EE113)=1,1,0)))) -> 0 | EG113: =IF(EG$56-Voorblad!$F$41>Voorblad!$K$41,0,IF($U113=0,0,IF($U113<1,1/$U113,IF((EG$56-Voorblad!$F$41)/$U113-SUM($EE113:EF113)=1,1,0)))) -> 0 | EH113: =IF(EH$56-Voorblad!$F$41>Voorblad!$K$41,0,IF($U113=0,0,IF($U113<1,1/$U113,IF((EH$56-Voorblad!$F$41)/$U113-SUM($EE113:EG113)=1,1,0)))) -> 0 | EI113: =IF(EI$56-Voorblad!$F$41>Voorblad!$K$41,0,IF($U113=0,0,IF($U113<1,1/$U113,IF((EI$56-Voorblad!$F$41)/$U113-SUM($EE113:EH113)=1,1,0)))) -> 0 | EJ113: =IF(EJ$56-Voorblad!$F$41>Voorblad!$K$41,0,IF($U113=0,0,IF($U113<1,1/$U113,IF((EJ$56-Voorblad!$F$41)/$U113-SUM($EE113:EI113)=1,1,0)))) -> 0 | EK113: =IF(EK$56-Voorblad!$F$41>Voorblad!$K$41,0,IF($U113=0,0,IF($U113<1,1/$U113,IF((EK$56-Voorblad!$F$41)/$U113-SUM($EE113:EJ113)=1,1,0)))) -> 0 | EL113: =IF(EL$56-Voorblad!$F$41>Voorblad!$K$41,0,IF($U113=0,0,IF($U113<1,1/$U113,IF((EL$56-Voorblad!$F$41)/$U113-SUM($EE113:EK113)=1,1,0)))) -> 0 | EM113: =IF(EM$56-Voorblad!$F$41>Voorblad!$K$41,0,IF($U113=0,0,IF($U113<1,1/$U113,IF((EM$56-Voorblad!$F$41)/$U113-SUM($EE113:EL113)=1,1,0)))) -> 0 | ... IB113: =IF(IB$56-Voorblad!$F$41>Voorblad!$K$41,0,IF($U113=0,0,IF($U113<1,1/$U113,IF((IB$56-Voorblad!$F$41)/$U113-SUM($EE113:IA113)=1,1,0)))) -> 0
B114: 3 | F114: waarborg functie | I114: ko | K114: herstel kleine gebreken inspectiewagen | O114: incl. aandrijflijn | Q114: 0 | R114: post | S114: =$H$20*5000 -> 8850 | T114: =Q114*S114 -> 0 | U114: 15 | Y114: =SUM(AE114:EB114) -> 0 | AC114: =$Y114*(Voorblad!$K$44*(1+Voorblad!$K$44)^Voorblad!$K$41)/((1+Voorblad!$K$44)^Voorblad!$K$41-1) -> 0 | AE114: =EF114*($Q114*$S114)/(1+Voorblad!$K$44)^(AE$56-Voorblad!$F$41) -> 0 | AF114: =EG114*($Q114*$S114)/(1+Voorblad!$K$44)^(AF$56-Voorblad!$F$41) -> 0 | AG114: =EH114*($Q114*$S114)/(1+Voorblad!$K$44)^(AG$56-Voorblad!$F$41) -> 0 | AH114: =EI114*($Q114*$S114)/(1+Voorblad!$K$44)^(AH$56-Voorblad!$F$41) -> 0 | AI114: =EJ114*($Q114*$S114)/(1+Voorblad!$K$44)^(AI$56-Voorblad!$F$41) -> 0 | AJ114: =EK114*($Q114*$S114)/(1+Voorblad!$K$44)^(AJ$56-Voorblad!$F$41) -> 0 | AK114: =EL114*($Q114*$S114)/(1+Voorblad!$K$44)^(AK$56-Voorblad!$F$41) -> 0 | AL114: =EM114*($Q114*$S114)/(1+Voorblad!$K$44)^(AL$56-Voorblad!$F$41) -> 0 | ... EB114: =IC114*($Q114*$S114)/(1+Voorblad!$K$44)^(EB$56-Voorblad!$F$41) -> 0 | EE114: 0 | EF114: =IF(EF$56-Voorblad!$F$41>Voorblad!$K$41,0,IF($U114=0,0,IF($U114<1,1/$U114,IF((EF$56-Voorblad!$F$41)/$U114-SUM($EE114:EE114)=1,1,0)))) -> 0 | EG114: =IF(EG$56-Voorblad!$F$41>Voorblad!$K$41,0,IF($U114=0,0,IF($U114<1,1/$U114,IF((EG$56-Voorblad!$F$41)/$U114-SUM($EE114:EF114)=1,1,0)))) -> 0 | EH114: =IF(EH$56-Voorblad!$F$41>Voorblad!$K$41,0,IF($U114=0,0,IF($U114<1,1/$U114,IF((EH$56-Voorblad!$F$41)/$U114-SUM($EE114:EG114)=1,1,0)))) -> 0 | EI114: =IF(EI$56-Voorblad!$F$41>Voorblad!$K$41,0,IF($U114=0,0,IF($U114<1,1/$U114,IF((EI$56-Voorblad!$F$41)/$U114-SUM($EE114:EH114)=1,1,0)))) -> 0 | EJ114: =IF(EJ$56-Voorblad!$F$41>Voorblad!$K$41,0,IF($U114=0,0,IF($U114<1,1/$U114,IF((EJ$56-Voorblad!$F$41)/$U114-SUM($EE114:EI114)=1,1,0)))) -> 0 | EK114: =IF(EK$56-Voorblad!$F$41>Voorblad!$K$41,0,IF($U114=0,0,IF($U114<1,1/$U114,IF((EK$56-Voorblad!$F$41)/$U114-SUM($EE114:EJ114)=1,1,0)))) -> 0 | EL114: =IF(EL$56-Voorblad!$F$41>Voorblad!$K$41,0,IF($U114=0,0,IF($U114<1,1/$U114,IF((EL$56-Voorblad!$F$41)/$U114-SUM($EE114:EK114)=1,1,0)))) -> 0 | EM114: =IF(EM$56-Voorblad!$F$41>Voorblad!$K$41,0,IF($U114=0,0,IF($U114<1,1/$U114,IF((EM$56-Voorblad!$F$41)/$U114-SUM($EE114:EL114)=1,1,0)))) -> 0 | ... IB114: =IF(IB$56-Voorblad!$F$41>Voorblad!$K$41,0,IF($U114=0,0,IF($U114<1,1/$U114,IF((IB$56-Voorblad!$F$41)/$U114-SUM($EE114:IA114)=1,1,0)))) -> 0
B115: 3 | F115: waarborg functie | I115: ko | K115: herstel kleine gebreken betonnen PV-voorzieningen en kabelgoten, m.n. voetpadplaten | O115: obv 2% schade lengte | P115: voer in: 2,5% x lengte per PV-pad | Q115: =2.5%*2*11 -> 0.55 | R115: m1 | S115: =$H$20*1000 -> 1770 | T115: =Q115*S115 -> 973.5 | U115: 15 | Y115: =SUM(AE115:EB115) -> 672.16822 | AC115: =$Y115*(Voorblad!$K$44*(1+Voorblad!$K$44)^Voorblad!$K$41)/((1+Voorblad!$K$44)^Voorblad!$K$41-1) -> 36.482549 | AE115: =EF115*($Q115*$S115)/(1+Voorblad!$K$44)^(AE$56-Voorblad!$F$41) -> 0 | AF115: =EG115*($Q115*$S115)/(1+Voorblad!$K$44)^(AF$56-Voorblad!$F$41) -> 0 | AG115: =EH115*($Q115*$S115)/(1+Voorblad!$K$44)^(AG$56-Voorblad!$F$41) -> 0 | AH115: =EI115*($Q115*$S115)/(1+Voorblad!$K$44)^(AH$56-Voorblad!$F$41) -> 0 | AI115: =EJ115*($Q115*$S115)/(1+Voorblad!$K$44)^(AI$56-Voorblad!$F$41) -> 0 | AJ115: =EK115*($Q115*$S115)/(1+Voorblad!$K$44)^(AJ$56-Voorblad!$F$41) -> 0 | AK115: =EL115*($Q115*$S115)/(1+Voorblad!$K$44)^(AK$56-Voorblad!$F$41) -> 0 | AL115: =EM115*($Q115*$S115)/(1+Voorblad!$K$44)^(AL$56-Voorblad!$F$41) -> 0 | ... EB115: =IC115*($Q115*$S115)/(1+Voorblad!$K$44)^(EB$56-Voorblad!$F$41) -> 0 | EE115: 0 | EF115: =IF(EF$56-Voorblad!$F$41>Voorblad!$K$41,0,IF($U115=0,0,IF($U115<1,1/$U115,IF((EF$56-Voorblad!$F$41)/$U115-SUM($EE115:EE115)=1,1,0)))) -> 0 | EG115: =IF(EG$56-Voorblad!$F$41>Voorblad!$K$41,0,IF($U115=0,0,IF($U115<1,1/$U115,IF((EG$56-Voorblad!$F$41)/$U115-SUM($EE115:EF115)=1,1,0)))) -> 0 | EH115: =IF(EH$56-Voorblad!$F$41>Voorblad!$K$41,0,IF($U115=0,0,IF($U115<1,1/$U115,IF((EH$56-Voorblad!$F$41)/$U115-SUM($EE115:EG115)=1,1,0)))) -> 0 | EI115: =IF(EI$56-Voorblad!$F$41>Voorblad!$K$41,0,IF($U115=0,0,IF($U115<1,1/$U115,IF((EI$56-Voorblad!$F$41)/$U115-SUM($EE115:EH115)=1,1,0)))) -> 0 | EJ115: =IF(EJ$56-Voorblad!$F$41>Voorblad!$K$41,0,IF($U115=0,0,IF($U115<1,1/$U115,IF((EJ$56-Voorblad!$F$41)/$U115-SUM($EE115:EI115)=1,1,0)))) -> 0 | EK115: =IF(EK$56-Voorblad!$F$41>Voorblad!$K$41,0,IF($U115=0,0,IF($U115<1,1/$U115,IF((EK$56-Voorblad!$F$41)/$U115-SUM($EE115:EJ115)=1,1,0)))) -> 0 | EL115: =IF(EL$56-Voorblad!$F$41>Voorblad!$K$41,0,IF($U115=0,0,IF($U115<1,1/$U115,IF((EL$56-Voorblad!$F$41)/$U115-SUM($EE115:EK115)=1,1,0)))) -> 0 | EM115: =IF(EM$56-Voorblad!$F$41>Voorblad!$K$41,0,IF($U115=0,0,IF($U115<1,1/$U115,IF((EM$56-Voorblad!$F$41)/$U115-SUM($EE115:EL115)=1,1,0)))) -> 0 | ... IB115: =IF(IB$56-Voorblad!$F$41>Voorblad!$K$41,0,IF($U115=0,0,IF($U115<1,1/$U115,IF((IB$56-Voorblad!$F$41)/$U115-SUM($EE115:IA115)=1,1,0)))) -> 0
B116: 3 | F116: waarborg functie | I116: ko | K116: herstel kleine gebreken stalen PV-bordes (roosters + draagbalken) | O116: obv 2,5% schade aan oppervlak | P116: voer in: 2,5% x oppervlak | Q116: 0 | R116: m2 | S116: =$H$20*2000 -> 3540 | T116: =Q116*S116 -> 0 | U116: 15 | Y116: =SUM(AE116:EB116) -> 0 | AC116: =$Y116*(Voorblad!$K$44*(1+Voorblad!$K$44)^Voorblad!$K$41)/((1+Voorblad!$K$44)^Voorblad!$K$41-1) -> 0 | AE116: =EF116*($Q116*$S116)/(1+Voorblad!$K$44)^(AE$56-Voorblad!$F$41) -> 0 | AF116: =EG116*($Q116*$S116)/(1+Voorblad!$K$44)^(AF$56-Voorblad!$F$41) -> 0 | AG116: =EH116*($Q116*$S116)/(1+Voorblad!$K$44)^(AG$56-Voorblad!$F$41) -> 0 | AH116: =EI116*($Q116*$S116)/(1+Voorblad!$K$44)^(AH$56-Voorblad!$F$41) -> 0 | AI116: =EJ116*($Q116*$S116)/(1+Voorblad!$K$44)^(AI$56-Voorblad!$F$41) -> 0 | AJ116: =EK116*($Q116*$S116)/(1+Voorblad!$K$44)^(AJ$56-Voorblad!$F$41) -> 0 | AK116: =EL116*($Q116*$S116)/(1+Voorblad!$K$44)^(AK$56-Voorblad!$F$41) -> 0 | AL116: =EM116*($Q116*$S116)/(1+Voorblad!$K$44)^(AL$56-Voorblad!$F$41) -> 0 | ... EB116: =IC116*($Q116*$S116)/(1+Voorblad!$K$44)^(EB$56-Voorblad!$F$41) -> 0 | EE116: 0 | EF116: =IF(EF$56-Voorblad!$F$41>Voorblad!$K$41,0,IF($U116=0,0,IF($U116<1,1/$U116,IF((EF$56-Voorblad!$F$41)/$U116-SUM($EE116:EE116)=1,1,0)))) -> 0 | EG116: =IF(EG$56-Voorblad!$F$41>Voorblad!$K$41,0,IF($U116=0,0,IF($U116<1,1/$U116,IF((EG$56-Voorblad!$F$41)/$U116-SUM($EE116:EF116)=1,1,0)))) -> 0 | EH116: =IF(EH$56-Voorblad!$F$41>Voorblad!$K$41,0,IF($U116=0,0,IF($U116<1,1/$U116,IF((EH$56-Voorblad!$F$41)/$U116-SUM($EE116:EG116)=1,1,0)))) -> 0 | EI116: =IF(EI$56-Voorblad!$F$41>Voorblad!$K$41,0,IF($U116=0,0,IF($U116<1,1/$U116,IF((EI$56-Voorblad!$F$41)/$U116-SUM($EE116:EH116)=1,1,0)))) -> 0 | EJ116: =IF(EJ$56-Voorblad!$F$41>Voorblad!$K$41,0,IF($U116=0,0,IF($U116<1,1/$U116,IF((EJ$56-Voorblad!$F$41)/$U116-SUM($EE116:EI116)=1,1,0)))) -> 0 | EK116: =IF(EK$56-Voorblad!$F$41>Voorblad!$K$41,0,IF($U116=0,0,IF($U116<1,1/$U116,IF((EK$56-Voorblad!$F$41)/$U116-SUM($EE116:EJ116)=1,1,0)))) -> 0 | EL116: =IF(EL$56-Voorblad!$F$41>Voorblad!$K$41,0,IF($U116=0,0,IF($U116<1,1/$U116,IF((EL$56-Voorblad!$F$41)/$U116-SUM($EE116:EK116)=1,1,0)))) -> 0 | EM116: =IF(EM$56-Voorblad!$F$41>Voorblad!$K$41,0,IF($U116=0,0,IF($U116<1,1/$U116,IF((EM$56-Voorblad!$F$41)/$U116-SUM($EE116:EL116)=1,1,0)))) -> 0 | ... IB116: =IF(IB$56-Voorblad!$F$41>Voorblad!$K$41,0,IF($U116=0,0,IF($U116<1,1/$U116,IF((IB$56-Voorblad!$F$41)/$U116-SUM($EE116:IA116)=1,1,0)))) -> 0
B117: 3 | F117: waarborg functie | I117: ko | K117: herstel kleine gebreken stalen leuning | O117: obv 2,5% schade aan lengte | P117: voer in: 2,5% x lengte | Q117: =2.5%*2*11 -> 0.55 | R117: m1 | S117: =$H$20*500 -> 885 | T117: =Q117*S117 -> 486.75 | U117: 15 | Y117: =SUM(AE117:EB117) -> 336.08411 | AC117: =$Y117*(Voorblad!$K$44*(1+Voorblad!$K$44)^Voorblad!$K$41)/((1+Voorblad!$K$44)^Voorblad!$K$41-1) -> 18.241275 | AE117: =EF117*($Q117*$S117)/(1+Voorblad!$K$44)^(AE$56-Voorblad!$F$41) -> 0 | AF117: =EG117*($Q117*$S117)/(1+Voorblad!$K$44)^(AF$56-Voorblad!$F$41) -> 0 | AG117: =EH117*($Q117*$S117)/(1+Voorblad!$K$44)^(AG$56-Voorblad!$F$41) -> 0 | AH117: =EI117*($Q117*$S117)/(1+Voorblad!$K$44)^(AH$56-Voorblad!$F$41) -> 0 | AI117: =EJ117*($Q117*$S117)/(1+Voorblad!$K$44)^(AI$56-Voorblad!$F$41) -> 0 | AJ117: =EK117*($Q117*$S117)/(1+Voorblad!$K$44)^(AJ$56-Voorblad!$F$41) -> 0 | AK117: =EL117*($Q117*$S117)/(1+Voorblad!$K$44)^(AK$56-Voorblad!$F$41) -> 0 | AL117: =EM117*($Q117*$S117)/(1+Voorblad!$K$44)^(AL$56-Voorblad!$F$41) -> 0 | ... EB117: =IC117*($Q117*$S117)/(1+Voorblad!$K$44)^(EB$56-Voorblad!$F$41) -> 0 | EE117: 0 | EF117: =IF(EF$56-Voorblad!$F$41>Voorblad!$K$41,0,IF($U117=0,0,IF($U117<1,1/$U117,IF((EF$56-Voorblad!$F$41)/$U117-SUM($EE117:EE117)=1,1,0)))) -> 0 | EG117: =IF(EG$56-Voorblad!$F$41>Voorblad!$K$41,0,IF($U117=0,0,IF($U117<1,1/$U117,IF((EG$56-Voorblad!$F$41)/$U117-SUM($EE117:EF117)=1,1,0)))) -> 0 | EH117: =IF(EH$56-Voorblad!$F$41>Voorblad!$K$41,0,IF($U117=0,0,IF($U117<1,1/$U117,IF((EH$56-Voorblad!$F$41)/$U117-SUM($EE117:EG117)=1,1,0)))) -> 0 | EI117: =IF(EI$56-Voorblad!$F$41>Voorblad!$K$41,0,IF($U117=0,0,IF($U117<1,1/$U117,IF((EI$56-Voorblad!$F$41)/$U117-SUM($EE117:EH117)=1,1,0)))) -> 0 | EJ117: =IF(EJ$56-Voorblad!$F$41>Voorblad!$K$41,0,IF($U117=0,0,IF($U117<1,1/$U117,IF((EJ$56-Voorblad!$F$41)/$U117-SUM($EE117:EI117)=1,1,0)))) -> 0 | EK117: =IF(EK$56-Voorblad!$F$41>Voorblad!$K$41,0,IF($U117=0,0,IF($U117<1,1/$U117,IF((EK$56-Voorblad!$F$41)/$U117-SUM($EE117:EJ117)=1,1,0)))) -> 0 | EL117: =IF(EL$56-Voorblad!$F$41>Voorblad!$K$41,0,IF($U117=0,0,IF($U117<1,1/$U117,IF((EL$56-Voorblad!$F$41)/$U117-SUM($EE117:EK117)=1,1,0)))) -> 0 | EM117: =IF(EM$56-Voorblad!$F$41>Voorblad!$K$41,0,IF($U117=0,0,IF($U117<1,1/$U117,IF((EM$56-Voorblad!$F$41)/$U117-SUM($EE117:EL117)=1,1,0)))) -> 0 | ... IB117: =IF(IB$56-Voorblad!$F$41>Voorblad!$K$41,0,IF($U117=0,0,IF($U117<1,1/$U117,IF((IB$56-Voorblad!$F$41)/$U117-SUM($EE117:IA117)=1,1,0)))) -> 0
B118: 3 | F118: waarborg functie | I118: ko | K118: herstel kleine gebreken stalen kabelkoker | O118: obv 2,5% schade aan lengte | P118: voer in: 2,5% x lengte | Q118: 0 | R118: m1 | S118: =$H$20*500 -> 885 | T118: =Q118*S118 -> 0 | U118: 15 | Y118: =SUM(AE118:EB118) -> 0 | AC118: =$Y118*(Voorblad!$K$44*(1+Voorblad!$K$44)^Voorblad!$K$41)/((1+Voorblad!$K$44)^Voorblad!$K$41-1) -> 0 | AE118: =EF118*($Q118*$S118)/(1+Voorblad!$K$44)^(AE$56-Voorblad!$F$41) -> 0 | AF118: =EG118*($Q118*$S118)/(1+Voorblad!$K$44)^(AF$56-Voorblad!$F$41) -> 0 | AG118: =EH118*($Q118*$S118)/(1+Voorblad!$K$44)^(AG$56-Voorblad!$F$41) -> 0 | AH118: =EI118*($Q118*$S118)/(1+Voorblad!$K$44)^(AH$56-Voorblad!$F$41) -> 0 | AI118: =EJ118*($Q118*$S118)/(1+Voorblad!$K$44)^(AI$56-Voorblad!$F$41) -> 0 | AJ118: =EK118*($Q118*$S118)/(1+Voorblad!$K$44)^(AJ$56-Voorblad!$F$41) -> 0 | AK118: =EL118*($Q118*$S118)/(1+Voorblad!$K$44)^(AK$56-Voorblad!$F$41) -> 0 | AL118: =EM118*($Q118*$S118)/(1+Voorblad!$K$44)^(AL$56-Voorblad!$F$41) -> 0 | ... EB118: =IC118*($Q118*$S118)/(1+Voorblad!$K$44)^(EB$56-Voorblad!$F$41) -> 0 | EE118: 0 | EF118: =IF(EF$56-Voorblad!$F$41>Voorblad!$K$41,0,IF($U118=0,0,IF($U118<1,1/$U118,IF((EF$56-Voorblad!$F$41)/$U118-SUM($EE118:EE118)=1,1,0)))) -> 0 | EG118: =IF(EG$56-Voorblad!$F$41>Voorblad!$K$41,0,IF($U118=0,0,IF($U118<1,1/$U118,IF((EG$56-Voorblad!$F$41)/$U118-SUM($EE118:EF118)=1,1,0)))) -> 0 | EH118: =IF(EH$56-Voorblad!$F$41>Voorblad!$K$41,0,IF($U118=0,0,IF($U118<1,1/$U118,IF((EH$56-Voorblad!$F$41)/$U118-SUM($EE118:EG118)=1,1,0)))) -> 0 | EI118: =IF(EI$56-Voorblad!$F$41>Voorblad!$K$41,0,IF($U118=0,0,IF($U118<1,1/$U118,IF((EI$56-Voorblad!$F$41)/$U118-SUM($EE118:EH118)=1,1,0)))) -> 0 | EJ118: =IF(EJ$56-Voorblad!$F$41>Voorblad!$K$41,0,IF($U118=0,0,IF($U118<1,1/$U118,IF((EJ$56-Voorblad!$F$41)/$U118-SUM($EE118:EI118)=1,1,0)))) -> 0 | EK118: =IF(EK$56-Voorblad!$F$41>Voorblad!$K$41,0,IF($U118=0,0,IF($U118<1,1/$U118,IF((EK$56-Voorblad!$F$41)/$U118-SUM($EE118:EJ118)=1,1,0)))) -> 0 | EL118: =IF(EL$56-Voorblad!$F$41>Voorblad!$K$41,0,IF($U118=0,0,IF($U118<1,1/$U118,IF((EL$56-Voorblad!$F$41)/$U118-SUM($EE118:EK118)=1,1,0)))) -> 0 | EM118: =IF(EM$56-Voorblad!$F$41>Voorblad!$K$41,0,IF($U118=0,0,IF($U118<1,1/$U118,IF((EM$56-Voorblad!$F$41)/$U118-SUM($EE118:EL118)=1,1,0)))) -> 0 | ... IB118: =IF(IB$56-Voorblad!$F$41>Voorblad!$K$41,0,IF($U118=0,0,IF($U118<1,1/$U118,IF((IB$56-Voorblad!$F$41)/$U118-SUM($EE118:IA118)=1,1,0)))) -> 0
...
